Latitude,Longitude,Time,Date,Number of Sats,GPS Speed (Kn),GPS True Heading,GPS Magnetic Variation,HDOP,C Magnetic Heading,C True Heading,Pitch Angle,Roll Angle,C Inside Temp (c),DFS Depth (m),DTB Height (m),Total Water Column (m),Batt Percent,Power Watts,Watt-Hours,Batt Volts,Batt Ampers,Batt State,Time to Empty,Current Step,Dist To Next (m),Next Speed (kn),Vehicle Speed (kn),Motor Speed CMD,Next Heading,Next Long,Next Lat,Next Depth (m),Depth Goal (m),Vehicle State,Error State,Distance to Track (m),Fin Pitch R,Fin Pitch L,Pitch Goal,Fin Yaw T,Fin Yaw B,Yaw Goal,Fin Roll,DVL-Depth (m),DVL -Altitude (m),DVL -Water Column (m),DVL-FixType,DVL-FixQuality,DVL-Temperature,Conductivity (mmhos/cm),Temperature (c),Salinity (ppt),Sound Speed (m/s),Date m/d/y   ,Time hh:mm:ss,Temp C,SpCond mS/cm,Sal ppt,Depth feet,pH,pH mV,Turbid+ NTU,Chl ug/L,BGA-PC cells/mL,ODOsat %,ODO mg/L,Battery volts,ROSEM Command Type
25.758094,-80.37382917,18:04.5,9/25/20,9,0.186,120.56,-6.859419304,1.1,99,93.22,4.04,-1.92,38.5,0,2.21,2.21,90,22,498.2,16.1,-1.3,D,1519.9,0,9.579,2,0.23,128,275.42,-80.37392439,25.75810214,0,0,1,N,0.9051251,81,81,11,5,5,293.6129,0,9999.99,2.25,2.377,2,9,32.4,0,32.40000153,0.85,1515.3155,9/25/20,11:58:16,29.35,1.704,0.85,1.033,8.67,-99.8,-1.1,-5.6,-2767,99,7.53,13,
25.75809408,-80.37382754,18:05.5,9/25/20,9,0.189,120.56,-6.859419304,1.1,99.4,93.59,4.14,-1.97,38.5,0,2.18,2.18,90,22,498.2,16.1,-1.3,D,1519.9,0,9.741,2,0.15,174,275.28,-80.37392439,25.75810214,0,0,1,N,0.8865967,82,82,11,5,5,275.2657,0,9999.99,2.21,2.337,2,9,32.4,0,32.40000153,0.85,1515.31552,9/25/20,11:58:17,29.35,1.703,0.85,1.022,8.67,-100,-1.5,-5.1,-562,98.9,7.53,13,
25.75809367,-80.37382646,18:06.6,9/25/20,9,0.137,120.56,-6.859419304,1.1,97.2,91.54,5.15,3.84,38.5,0.01,2.19,2.2,90,22,498.2,16.1,-1.3,D,1519.9,0,9.852,2,0.21,174,275.48,-80.37392439,25.75810214,0,0,1,N,0.8865967,89,89,11,5,5,275.4742,0,9999.99,2.24,2.367,2,9,32.4,0,32.40000153,0.85,1515.31565,9/25/20,11:58:19,29.35,1.703,0.85,1.035,8.67,-100.1,-1.5,-4,1684,98.9,7.53,12.9,
25.75809366,-80.37381907,18:07.8,9/25/20,9,1.067,107.51,-6.859419304,1.1,93.2,87.79,3.29,1.15,38.4,0,2.22,2.22,90,28,498.2,16,-1.7,D,1171.7,0,10.59,2,0.47,174,275.11,-80.37392439,25.75810214,0,0,1,N,0.8865967,77,77,11,5,5,275.1782,0,9999.99,2.25,2.377,2,9,32.4,0,32.40000153,0.85,1515.31606,9/25/20,11:58:20,29.35,1.702,0.85,1.028,8.66,-99.4,-2.5,-5.9,632,98.9,7.53,12.9,
25.7580937,-80.37381207,18:08.8,9/25/20,9,1.405,99.36,-6.859419304,1.1,88.7,83.55,2.7,0.25,38.4,0,2.21,2.21,90,28,498.2,16,-1.7,D,1171.7,0,11.288,2,0.77,174,274.77,-80.37392439,25.75810214,0,0,1,N,0.8865967,75,75,11,5,5,274.9347,0,9999.99,2.23,2.357,2,9,32.4,0,32.40000153,0.85,1515.31574,9/25/20,11:58:21,29.35,1.703,0.85,1.06,8.65,-98.5,-2.9,-2.7,-2807,98.8,7.52,13,
25.7580935,-80.37380483,18:09.8,9/25/20,9,1.405,95.74,-6.859419304,1.1,81.6,76.82,3.46,0.69,38.5,0,2.23,2.23,90,28,498.2,16,-1.7,D,1171.7,1,4.401,2,1.04,174,283.67,-80.37385041,25.75810366,0,0,1,N,1.149787,79,79,11,138,138,80.51414,0,9999.99,2.26,2.387,2,9,32.4,0,32.40000153,0.85,1515.31548,9/25/20,11:58:22,29.34,1.703,0.85,1.046,8.65,-98.5,-0.3,0.8,537,98.8,7.52,12.9,
25.75809508,-80.37379734,18:10.9,9/25/20,9,1.354,95.74,-6.859419304,1.1,75.9,71.36,4.37,6.38,38.4,0,2.22,2.23,90,38,498.2,16,-2.4,D,857.8,2,3.41,2,1.21,174,73.76,-80.37376465,25.75810366,0,0,1,N,1.47325,83,83,11,169,169,81.98557,0,9999.99,2.26,2.387,2,9,32.4,0,32.40000153,0.85,1515.31559,9/25/20,11:58:23,29.34,1.703,0.85,1.054,8.64,-98.1,-2.5,-1.3,-855,98.8,7.52,13,
25.75809719,-80.37378844,18:11.9,9/25/20,10,1.798,76.68,-6.859419304,1.02,77,72.42,4.11,4.79,38.5,0,2.24,2.25,90,38,498.2,16,-2.4,D,857.8,2,2.487,2,1.36,174,73.21,-80.37376465,25.75810366,0,0,1,N,0.7791587,82,82,11,176,176,84.71212,0,9999.99,2.28,2.407,2,9,32.4,0,32.40000153,0.85,1515.31594,9/25/20,11:58:24,29.33,1.704,0.85,1.054,8.65,-98.5,-1.9,-4.8,-1462,98.7,7.51,13,
25.7581002,-80.37377897,18:12.9,9/25/20,10,1.68,73.19,-6.859419304,1.02,82.6,77.77,3.86,2.36,38.4,0,2.27,2.27,90,38,498.2,16,-2.4,D,857.8,3,9.356,2,1.49,174,87.65,-80.37368562,25.75810366,0,0,1,N,0.4049354,80,80,11,169,169,87.56445,0,9999.99,2.3,2.427,2,9,32.3,0,32.29999924,0.85,1515.10197,9/25/20,11:58:25,29.31,1.704,0.85,1.073,8.65,-98.4,-1.5,-1.6,-1119,98.7,7.51,13,
25.75810194,-80.37377113,18:13.9,9/25/20,10,1.618,75.18,-6.859419304,1.02,87.5,82.42,4.06,1.9,38.5,0,2.28,2.29,90,38,498.2,16,-2.4,D,857.8,3,8.566,2,1.62,174,88.72,-80.37368562,25.75810366,0,0,1,N,0.2709725,81,81,11,152,152,88.66881,0,9999.99,2.32,2.447,2,9,32.3,0,32.29999924,0.85,1515.1019,9/25/20,11:58:26,29.29,1.704,0.85,1.069,8.64,-98.2,-2.8,-7.1,-2087,98.6,7.51,12.8,
25.75810272,-80.37376221,18:14.9,9/25/20,10,1.791,79.48,-6.859419304,1.02,91.6,86.29,3.76,2.14,38.4,0,2.3,2.3,90,38,498.2,16,-2.3,D,867.5,3,7.671,2,1.71,174,89.22,-80.37368562,25.75810366,0,0,1,N,0.1295734,80,80,11,139,139,89.20666,0,9999.99,2.34,2.467,2,9,32.3,0,32.29999924,0.85,1515.10206,9/25/20,11:58:27,29.27,1.705,0.85,1.067,8.64,-98.1,-1.5,-4.9,-719,98.6,7.52,13,
25.7581032,-80.37375232,18:15.9,9/25/20,10,1.953,83.16,-6.859419304,1.02,93.4,87.98,3.51,2.9,38.5,0,2.29,2.29,90,38,498.2,16,-2.3,D,867.5,3,6.68,2,1.81,174,89.56,-80.37368562,25.75810366,0,0,1,N,6.99E-02,78,78,11,134,134,89.60709,0,9999.99,2.32,2.447,2,9,32.3,0,32.29999924,0.85,1515.10195,9/25/20,11:58:28,29.25,1.705,0.85,1.06,8.65,-98.4,-1.1,-2.9,342,98.6,7.52,12.9,
25.75810368,-80.37374233,18:16.9,9/25/20,10,1.884,86.18,-6.859419304,1.02,94.8,89.29,3.54,2.9,38.4,0,2.29,2.29,90,38,498.2,16,-2.3,D,867.5,3,5.679,2,1.83,174,90.02,-80.37368562,25.75810366,0,0,1,N,3.60E-02,78,78,11,131,131,90.00528,0,9999.99,2.32,2.447,2,9,32.3,0,32.29999924,0.85,1515.1019,9/25/20,11:58:29,29.22,1.705,0.85,1.067,8.64,-98.2,-2.2,-0.4,-71,98.6,7.52,13.1,
25.75810347,-80.3737323,18:17.9,9/25/20,10,1.878,89.55,-6.859419304,1.02,96.1,90.51,3.26,2.83,38.5,0,2.29,2.29,90,37,498.2,16,-2.3,D,880.3,3,4.675,2,1.87,174,89.74,-80.37368562,25.75810366,0,0,1,N,7.17E-03,77,77,11,126,126,89.87254,0,9999.99,2.32,2.447,2,9,32.2,0,32.20000076,0.86,1514.8977,9/25/20,11:58:30,29.19,1.707,0.86,1.081,8.65,-98.4,-0.3,-2.2,-1846,98.6,7.52,12.9,
25.75810314,-80.37372261,18:18.9,9/25/20,10,1.837,91.29,-6.859419304,1.02,95.3,89.76,2.58,0.34,38.4,0,2.24,2.24,90,37,498.2,16,-2.3,D,880.3,4,7.179,2,1.89,174,35.9,-80.37368057,25.75815544,0,0,1,N,3.779412,72,72,11,5,5,29.39633,0,9999.99,2.27,2.397,2,9,32.2,0,32.20000076,0.86,1514.8977,9/25/20,11:58:31,29.15,1.707,0.86,1.088,8.64,-98.3,-2,-3,-526,98.6,7.53,13,
25.75810253,-80.37370928,18:20.2,9/25/20,9,1.815,94.5,-6.859419304,1.02,81.9,77.11,3.58,2.11,38.4,0,2.3,2.3,90,37,498.2,16,-2.3,D,880.3,4,6.549,2,1.83,174,26.05,-80.37368057,25.75815544,0,0,1,N,2.938371,78,78,11,5,5,25.29762,0,9999.99,2.32,2.447,2,9,32.2,0,32.20000076,0.86,1514.8977,9/25/20,11:58:33,29.1,1.709,0.86,1.071,8.64,-98.1,-2.8,1.7,-146,98.7,7.54,13,
25.75810343,-80.37370124,18:21.3,9/25/20,10,1.496,94.5,-6.859419304,1.02,70.5,66.15,4.87,0.54,38.4,0,2.13,2.13,90,38,498.2,16,-2.3,D,877.6,4,6.143,2,1.75,175,19.69,-80.37368057,25.75815544,0,0,1,N,1.655792,88,88,11,5,5,16.45379,0,9999.99,2.16,2.287,2,9,32.2,0,32.20000076,0.86,1514.8977,9/25/20,11:58:33,29.1,1.709,0.86,1.071,8.64,-98.1,-2.8,1.7,-146,98.7,7.54,13,
25.7581053,-80.37369447,18:22.3,9/25/20,10,1.618,94.5,-6.859419304,1.02,61,56.88,4.79,-0.65,38.4,0.01,2.14,2.14,90,38,498.2,16,-2.3,D,877.6,4,5.747,2,1.67,175,14.02,-80.37368057,25.75815544,0,0,1,N,0.9756707,85,85,11,5,5,12.51401,0,9999.99,2.18,2.307,2,9,32.2,0,32.20000076,0.86,1514.89897,9/25/20,11:58:35,29.04,1.71,0.86,1.059,8.64,-98.2,-1.6,-1.3,1437,98.8,7.56,12.9,
25.75810879,-80.37368795,18:23.3,9/25/20,10,1.69,94.5,-6.859419304,1.02,51.6,47.58,4.4,-1.35,38.4,0.01,2.21,2.21,90,38,498.2,16,-2.3,D,877.6,4,5.24,2,1.63,175,8.11,-80.37368057,25.75815544,0,0,1,N,0.3450648,83,83,11,5,5,7.490651,0,9999.99,2.25,2.377,2,9,32.1,0,32.20000076,0.86,1514.89897,9/25/20,11:58:35,29.04,1.71,0.86,1.059,8.64,-98.2,-1.6,-1.3,1437,98.8,7.56,12.9,
25.75811328,-80.37368229,18:24.3,9/25/20,10,1.465,94.5,-6.859419304,1.02,44.3,40.28,4.84,0.58,38.4,0.01,2.26,2.26,90,38,498.2,16,-2.3,D,877.6,4,4.691,2,1.55,176,2.11,-80.37368057,25.75815544,0,0,1,N,0.1792201,86,86,11,5,5,3.736613,0,9999.99,2.3,2.427,2,9,32.1,0,32.09999847,0.86,1514.68367,9/25/20,11:58:36,29.01,1.71,0.86,1.068,8.64,-98.2,-1,-7,-157,98.7,7.56,13,
25.75811834,-80.37367686,18:25.3,9/25/20,10,1.524,94.5,-6.859419304,1.02,33.7,29.57,4.86,0.51,38.5,0,2.24,2.24,90,40,498.2,16,-2.5,D,820.4,4,4.143,2,1.51,177,354.85,-80.37368057,25.75815544,0,0,1,N,0.6899435,86,86,11,9,9,9.09E-02,0,9999.99,2.28,2.407,2,9,32.1,0,32.09999847,0.86,1514.68349,9/25/20,11:58:38,28.98,1.711,0.86,1.057,8.64,-98,-0.7,-5.8,-635,98.6,7.55,13,
25.75812498,-80.37367343,18:26.3,9/25/20,10,1.685,76.65,-6.859419304,1.02,25.3,21.03,4.66,1.9,38.5,0,2.19,2.19,90,40,498.2,16,-2.5,D,820.4,5,6.473,2,1.48,178,58.45,-80.37361835,25.75815544,0,0,1,N,3.462318,85,85,11,250,250,66.60075,0,9999.99,2.23,2.357,2,9,32.1,0,32.09999847,0.86,1514.68349,9/25/20,11:58:38,28.98,1.711,0.86,1.057,8.64,-98,-0.7,-5.8,-635,98.6,7.55,13,
25.75813302,-80.3736731,18:27.3,9/25/20,10,1.61,32.26,-6.859419304,1.1,29.5,25.3,2.65,7.91,38.4,0,2.25,2.25,90,41,498.2,16,-2.6,D,796.6,5,6.024,2,1.49,178,65.56,-80.37361835,25.75815544,0,0,1,N,2.579664,77,77,11,250,250,72.12717,0,9999.99,2.29,2.417,2,9,32.1,0,32.09999847,0.86,1514.68339,9/25/20,11:58:39,28.96,1.712,0.86,1.071,8.64,-98,-2.2,-4.2,920,98.6,7.55,13,
25.75814111,-80.37367241,18:28.3,9/25/20,9,1.496,20.61,-6.859419304,1.1,38.1,34.03,3.52,3.8,38.4,0,2.33,2.33,90,41,498.2,16,-2.6,D,796.6,5,5.644,2,1.51,179,73.6,-80.37361835,25.75815544,0,0,1,N,1.673728,78,78,11,250,250,78.18449,0,9999.99,2.35,2.477,2,9,32,0,32,0.86,1514.46711,9/25/20,11:58:41,28.92,1.713,0.86,1.099,8.64,-98,-1.1,-2.1,-1602,98.6,7.56,13,
25.75814814,-80.37366867,18:29.3,9/25/20,10,1.628,22.13,-6.859419304,1.02,48.2,44.19,4.71,6.37,38.4,0,2.27,2.27,90,41,498.2,16,-2.6,D,796.6,5,5.105,2,1.58,180,80.85,-80.37361835,25.75815544,0,0,1,N,0.8750954,85,85,11,250,250,83.75684,0,9999.99,2.3,2.427,2,9,32,0,32,0.86,1514.46711,9/25/20,11:58:41,28.92,1.713,0.86,1.099,8.64,-98,-1.1,-2.1,-1602,98.6,7.56,13,
25.75815502,-80.37366337,18:30.3,9/25/20,10,1.716,26.26,-6.859419304,1.02,59.2,55.11,4.73,6.57,38.4,0,2.37,2.37,90,45,498.2,16,-2.8,D,735.6,5,4.509,2,1.62,180,89.4,-80.37361835,25.75815544,0,0,1,N,9.60E-02,85,85,11,250,250,89.31239,0,9999.99,2.41,2.537,2,9,32,0,32,0.86,1514.46735,9/25/20,11:58:42,28.92,1.712,0.86,1.065,8.63,-97.5,-1.2,-1.9,388,98.6,7.56,12.9,
25.75816073,-80.37365778,18:31.4,9/25/20,10,1.678,35.69,-6.859419304,1.02,72.7,68.28,4.03,8.4,38.4,0.01,2.25,2.26,90,45,498.2,16,-2.8,D,735.6,6,11.198,2,1.61,180,92.15,-80.37354605,25.75815696,0,0,1,N,0.645252,85,85,11,231,231,91.7663,0,9999.99,2.3,2.427,2,9,32,0,32,0.86,1514.46791,9/25/20,11:58:43,28.91,1.712,0.86,1.065,8.64,-98.1,-3,-4.3,1576,98.6,7.56,13,
25.75816512,-80.37365155,18:32.4,9/25/20,10,1.652,45.13,-6.859419304,1.02,79.9,75.2,5.41,5.39,38.4,0,2.37,2.38,90,45,498.2,16,-2.8,D,735.6,6,10.604,2,1.59,180,94.91,-80.37354605,25.75815696,0,0,1,N,1.134934,86,86,11,205,205,94.40716,0,9999.99,2.41,2.537,2,9,32,0,32,0.86,1514.468,9/25/20,11:58:44,28.9,1.712,0.86,1.061,8.64,-97.7,-1.6,-2.4,-1309,98.6,7.56,13.1,
25.75816844,-80.37364446,18:33.4,9/25/20,10,1.503,57.55,-6.859419304,1.02,89.7,84.5,4.36,3.05,38.4,0,2.25,2.26,90,45,498.2,16,-2.8,D,735.6,6,9.938,2,1.65,181,97.38,-80.37354605,25.75815696,0,0,1,N,1.506399,83,83,11,176,176,96.76992,0,9999.99,2.3,2.427,2,9,31.9,0,32,0.86,1514.46774,9/25/20,11:58:46,28.89,1.713,0.86,1.057,8.64,-97.6,-1.2,-1.5,-2262,98.4,7.55,12.9,
25.7581721,-80.37363642,18:34.4,9/25/20,9,1.854,69.72,-6.859419304,1.02,97.3,91.63,3.86,3.88,38.4,0,2.25,2.25,90,45,498.2,16,-2.8,D,727.3,6,9.205,2,1.73,182,100.53,-80.37354605,25.75815696,0,0,1,N,1.902893,80,80,11,159,159,99.64884,0,9999.99,2.29,2.417,2,9,31.9,0,32,0.86,1514.46774,9/25/20,11:58:46,28.89,1.713,0.86,1.057,8.64,-97.6,-1.2,-1.5,-2262,98.4,7.55,12.9,
25.75817492,-80.37362997,18:35.4,9/25/20,10,1.819,83.35,-6.859419304,1.24,101.2,95.27,1.01,12.6,38.3,0,2.36,2.36,90,45,498.2,16,-2.8,D,727.3,6,8.638,2,1.85,182,103.37,-80.37354605,25.75815696,0,0,1,N,2.208766,63,63,11,155,155,102.1957,0,9999.99,2.39,2.517,2,9,32,0,32,0.86,1514.46717,9/25/20,11:58:47,28.9,1.712,0.86,1.068,8.63,-97.3,-1,-5.6,319,98.4,7.55,13,
25.75817655,-80.3736259,18:36.4,9/25/20,10,1.002,84.1,-6.859419304,1.02,104.6,98.43,-0.43,0.91,38.4,0,2.37,2.37,90,45,498.2,16,-2.8,D,727.3,6,8.288,2,1.7,182,105.24,-80.37354605,25.75815696,0,0,1,N,2.381049,54,54,11,149,149,103.8715,0,9999.99,2.38,2.507867,2,9,31.9,0,31.89999962,0.86,1514.25081,9/25/20,11:58:49,28.95,1.71,0.86,1.223,8.63,-97.3,-1.9,-2.8,-2123,98.4,7.54,13,
25.75817396,-80.37362294,18:37.4,9/25/20,10,0.812,84.1,-6.859419304,1.02,103.4,97.31,0.99,6.58,38.4,0,2.3,2.3,90,53,498.2,16,-3.3,D,623.4,6,7.929,2,1.56,183,103.79,-80.37354605,25.75815696,0,0,1,N,2.080291,61,61,11,145,145,102.4511,0,9999.99,2.3,2.427,2,9,31.9,0,31.89999962,0.86,1514.25081,9/25/20,11:58:49,28.95,1.71,0.86,1.223,8.63,-97.3,-1.9,-2.8,-2123,98.4,7.54,13,
25.75817184,-80.3736254,18:38.4,9/25/20,9,0.413,84.1,-6.859419304,1.02,103.1,97.04,-0.79,2.68,38.4,0,2.3,2.3,90,53,498.2,16,-3.3,D,623.4,6,8.118,2,0.83,186,101.76,-80.37354605,25.75815696,0,0,1,N,1.845533,52,52,11,141,141,100.6601,0,9999.99,2.29,2.417,2,9,31.9,0,31.89999962,0.86,1514.25073,9/25/20,11:58:50,28.97,1.708,0.86,1.165,8.63,-97.4,-1.7,-3.8,-1858,98.4,7.54,12.9,
25.75817058,-80.37362384,18:39.4,9/25/20,9,0.412,84.1,-6.859419304,1.02,103,96.94,-2.81,5.67,38.3,0,2.27,2.27,90,53,498.2,16,-3.3,D,623.4,6,7.936,2,0.83,191,101,-80.37354605,25.75815696,0,0,1,N,1.701237,43,43,11,139,139,99.93011,0,9999.99,2.25,2.377,2,9,31.9,0,31.89999962,0.86,1514.25072,9/25/20,11:58:51,28.99,1.708,0.86,1.221,8.63,-97.5,-1.9,-1.3,645,98.4,7.53,13,
25.75817001,-80.37362173,18:40.4,9/25/20,9,0.351,84.1,-6.859419304,1.02,102.5,96.48,-4.01,-1.24,38.4,0,2.27,2.27,90,53,498.2,16,-3.3,D,623.4,6,7.717,2,0.68,196,100.84,-80.37354605,25.75815696,0,0,1,N,1.63392,43,43,11,136,136,99.77847,0,9999.99,2.25,2.377,2,9,31.9,0,31.89999962,0.86,1514.25072,9/25/20,11:58:53,29.01,1.707,0.86,1.479,8.63,-97.6,-2.4,-4.9,1747,98.2,7.52,13,
25.75816989,-80.37361987,18:41.4,9/25/20,9,0.303,84.1,-6.859419304,1.02,103,96.94,-7.22,5.5,38.4,0,2.31,2.31,90,67,498.2,16,-4.2,D,489,6,7.531,2,0.53,201,101.01,-80.37354605,25.75815696,0,0,1,N,1.616921,43,43,11,137,137,99.88786,0,0.38,2.25,2.757,2,9,31.9,0,31.89999962,0.86,1514.25072,9/25/20,11:58:53,29.01,1.707,0.86,1.479,8.63,-97.6,-2.4,-4.9,1747,98.2,7.52,13,
25.75816982,-80.37361851,18:42.4,9/25/20,9,0.386,84.1,-6.859419304,1.02,103.5,97.41,-8.6,7.17,38.4,0,2.27,2.27,90,67,498.2,16,-4.2,D,489,6,7.396,2,0.47,206,101.14,-80.37354605,25.75815696,0,0,1,N,1.603489,43,43,11,145,145,99.98412,0,0.45,2.19,2.767,2,9,31.9,0,31.89999962,0.85,1514.24051,9/25/20,11:58:54,29.01,1.705,0.85,1.613,8.64,-97.9,-1.5,-3.6,-2132,98.2,7.51,12.9,
25.75816998,-80.37361563,18:43.4,9/25/20,9,0.594,84.1,-6.859419304,1.02,103.8,97.69,-10.8,10.6,38.3,0,2.27,2.27,90,67,498.2,16,-4.2,D,489,6,7.117,2,0.43,208,101.74,-80.37354605,25.75815696,0,0,1,N,1.614412,43,43,11,137,137,100.0748,0,0.45,2.19,2.767,2,9,31.9,0,31.89999962,0.85,1514.24051,9/25/20,11:58:55,29.02,1.706,0.85,1.833,8.63,-97.6,-1.8,-4.4,-191,98.2,7.51,13,
25.75817435,-80.37361412,18:44.4,9/25/20,8,1.287,84.1,-6.859419304,1.1,103.8,97.69,-14,7.54,38.4,0.01,2.04,2.05,90,126,498.2,15.9,-7.9,D,260,6,7.085,2,0.46,208,105.83,-80.37354605,25.75815696,0,0,1,N,2.095383,43,43,11,150,150,103.3336,0,9999.99,1.92,2.045937,2,9,31.9,0,31.89999962,0.85,1514.24149,9/25/20,11:58:57,28.99,1.706,0.85,2.493,8.63,-97.6,-2.4,-3.3,1180,97.8,7.49,13,
25.75818292,-80.37361837,18:45.4,9/25/20,8,1.949,84.1,-6.859419304,1.1,101.1,95.17,-16.1,7.92,38.4,0.05,2.04,2.09,90,126,498.2,15.9,-7.9,D,260,6,7.797,2,0.43,208,111.73,-80.37354605,25.75815696,0,0,1,N,3.056764,43,43,11,185,185,109.5652,0,9999.99,1.92,2.045937,2,9,31.9,0,31.89999962,0.85,1514.24149,9/25/20,11:58:57,28.99,1.706,0.85,2.493,8.63,-97.6,-2.4,-3.3,1180,97.8,7.49,13,
25.7581836,-80.37362429,18:46.4,9/25/20,8,1.111,84.1,-6.859419304,2,97.2,91.54,-16.9,7.72,38.4,0.1,1.89,1.99,90,126,498.2,15.9,-7.9,D,260,6,8.377,2,0.35,208,110.71,-80.37354605,25.75815696,0,0,1,N,3.136569,43,43,11,196,196,108.8728,0,9999.99,1.74,1.87158,0,0,31.9,0,31.89999962,0.86,1514.26275,9/25/20,11:58:58,28.91,1.708,0.86,2.875,8.64,-97.7,-1.9,0.3,-2030,97.8,7.5,13,
25.75815997,-80.37362803,18:47.4,9/25/20,5,3.164,84.1,-6.859419304,2.08,93.8,88.35,-18.7,8.8,38.3,0.14,1.83,1.97,90,126,498.2,15.9,-7.9,D,260,6,8.217,2,0.35,208,92.33,-80.37354605,25.75815696,0,0,1,N,0.5179734,43,43,11,142,142,91.98185,0,3.54,1.67,5.331494,2,9,31.9,0,31.89999962,0.86,1514.27253,9/25/20,11:59:00,28.76,1.712,0.86,3.685,8.64,-97.6,-2.3,-2.7,1838,97.7,7.51,13,
25.75816054,-80.37362694,18:48.4,9/25/20,0,3.164,84.1,-6.859419304,99.99,91.5,86.19,-20.6,6.19,38.4,0.21,1.77,1.98,90,133,498.1,15.8,-8.4,D,246.3,6,8.11,2,0.22,208,92.81,-80.37354605,25.75815696,0,0,1,N,0.5798768,43,43,11,152,152,92.42417,0,3.49,1.59,5.208088,2,9,31.9,0,31.89999962,0.86,1514.27253,9/25/20,11:59:00,28.76,1.712,0.86,3.685,8.64,-97.6,-2.3,-2.7,1838,97.7,7.51,13,
25.75816119,-80.37362514,18:49.5,9/25/20,0,3.164,84.1,-6.859419304,99.99,86.9,81.85,-22.2,8.9,38.4,0.24,1.62,1.86,90,133,498.1,15.8,-8.4,D,246.3,6,7.934,2,2,208,93.4,-80.37354605,25.75815696,0,0,1,N,0.6406068,43,43,11,171,171,92.85202,0,3.56,1.43,5.11224,0,0,31.9,0,31.89999962,0.86,1514.29153,9/25/20,11:59:01,28.71,1.713,0.86,4.086,8.64,-97.8,-1.9,-2.6,495,97.7,7.52,12.9,
25.75816236,-80.37361676,18:50.5,9/25/20,0,3.164,84.1,-6.859419304,99.99,83.9,79.01,-23.8,7.43,38.4,0.24,1.52,1.76,90,133,498.1,15.8,-8.4,D,246.3,7,11.812,2,0.3,208,92.91,-80.37349897,25.75815696,0,0,1,N,0.6153643,43,43,11,182,182,92.47742,0,3.69,1.32,5.139173,2,9,31.9,0,31.89999962,0.86,1514.29439,9/25/20,11:59:03,28.66,1.713,0.86,4.825,8.64,-97.7,-0.2,-2.5,2451,97.5,7.51,13,
25.75816152,-80.37361515,18:51.5,9/25/20,0,3.164,84.1,-6.859419304,99.99,79.8,75.1,-24.9,9.6,38.3,0.28,1.43,1.71,90,134,498.1,15.8,-8.4,D,244.8,7,11.647,2,2,208,92.49,-80.37349897,25.75815696,0,0,1,N,0.480579,43,43,11,194,194,91.94427,0,3.78,1.22,5.130957,0,0,31.9,0,31.89999962,0.86,1514.29439,9/25/20,11:59:03,28.66,1.713,0.86,4.825,8.64,-97.7,-0.2,-2.5,2451,97.5,7.51,13,
25.75816392,-80.37360572,18:52.5,9/25/20,0,3.164,84.1,-6.859419304,99.99,76.8,72.23,-26.3,8.2,38.4,0.35,1.38,1.73,90,134,498.1,15.8,-8.4,D,244.8,7,10.719,2,2,208,94.14,-80.37349897,25.75815696,0,0,1,N,0.7390711,43,43,11,211,211,93.18489,0,3.84,1.15,5.122617,0,0,31.8,0,31.89999962,0.86,1514.30912,9/25/20,11:59:05,28.58,1.714,0.86,5.52,8.64,-97.6,-1.7,-3,-1092,97.7,7.53,13,
25.75816671,-80.37359715,18:53.5,9/25/20,0,3.164,84.1,-6.859419304,99.99,73,68.57,-28.1,9.3,38.4,0.41,1.28,1.68,90,134,498.1,15.8,-8.4,D,244.8,7,9.892,2,2,208,96.29,-80.37349897,25.75815696,0,0,1,N,1.042985,43,43,11,231,231,94.77637,0,3.88,1.04,5.048287,0,0,31.8,0,31.89999962,0.86,1514.30912,9/25/20,11:59:05,28.58,1.714,0.86,5.52,8.64,-97.6,-1.7,-3,-1092,97.7,7.53,13,
25.75816941,-80.37359036,18:54.5,9/25/20,0,3.164,84.1,-6.859419304,99.99,69.1,64.79,-29.5,9.6,38.3,0.46,1.17,1.63,90,134,498.1,15.8,-8.4,D,244.8,7,9.257,2,0.18,208,98.6,-80.37349897,25.75815696,0,0,1,N,1.37614,43,43,11,250,250,96.67641,0,4.02,0.92,5.070047,2,9,31.8,0,31.79999924,0.86,1514.10817,9/25/20,11:59:06,28.51,1.715,0.86,5.822,8.63,-97.4,-0.4,-0.9,1986,97.7,7.55,12.8,
25.75817056,-80.37359098,18:55.5,9/25/20,0,3.164,84.1,-6.859419304,99.99,64.5,60.31,-30.7,11.1,38.4,0.52,1.1,1.62,90,137,498.1,15.8,-8.6,D,240,7,9.338,2,0.54,208,99.32,-80.37349897,25.75815696,0,0,1,N,1.477465,43,43,11,250,250,97.12796,0,4.08,0.84,5.046575,2,9,31.8,0,31.79999924,0.86,1514.11766,9/25/20,11:59:07,28.42,1.718,0.86,6.132,8.63,-97.1,-1.1,-0.9,-1184,97.7,7.56,13,
25.75817278,-80.37359141,18:56.6,9/25/20,0,3.164,84.1,-6.859419304,99.99,58,53.92,-29.6,25.3,38.4,0.59,1.02,1.61,90,137,498.1,15.8,-8.6,D,240,7,9.424,2,0.11,208,100.76,-80.37349897,25.75815696,0,0,1,N,1.752386,43,43,11,250,250,98.40715,0,4.17,0.77,5.05792,2,9,31.8,0,31.79999924,0.86,1514.13224,9/25/20,11:59:09,28.28,1.722,0.86,6.635,8.62,-96.8,-0.6,-1.8,422,97.9,7.59,13.2,
25.75817338,-80.37359149,18:57.6,9/25/20,0,3.164,84.1,-6.859419304,99.99,63.2,59.04,-31.5,18.8,38.4,0.75,0.94,1.69,90,136,498,15.8,-8.5,D,241.7,7,9.444,2,0.32,208,101.15,-80.37349897,25.75815696,0,0,1,N,1.807979,43,43,11.49487,250,250,98.66253,0,4.89,0.68,5.698205,0,0,31.7,0,31.79999924,0.87,1514.15697,9/25/20,11:59:10,28.23,1.723,0.87,6.934,8.61,-96.1,0.7,-5.2,-1354,98,7.6,12.8,
25.75817479,-80.37359015,18:58.6,9/25/20,0,3.164,84.1,-6.859419304,99.99,92.2,86.85,-32.2,16.2,38.4,1.05,0.69,1.73,90,136,498,15.8,-8.5,D,241.7,7,9.344,2,2,208,102.25,-80.37349897,25.75815696,0,0,1,N,1.96392,43,43,15.23912,208,208,99.42571,0,4.84,0.43,5.404234,0,0,31.7,0,31.79999924,0.87,1514.15697,9/25/20,11:59:10,28.23,1.723,0.87,6.934,8.61,-96.1,0.7,-5.2,-1354,98,7.6,12.8,
25.75817569,-80.37358058,18:59.6,9/25/20,0,3.164,84.1,-6.859419304,99.99,84.2,79.29,-21.5,18,38.4,1.36,0.69,2.05,90,136,498,15.8,-8.5,D,241.7,7,8.434,2,2,208,104.3,-80.37349897,25.75815696,0,0,1,N,2.06062,43,43,20.97443,212,212,100.6256,0,5.23,999.99,5.359258,0,0,31.7,0,31.70000076,0.87,1514.02205,9/25/20,11:59:11,28.21,1.726,0.87,8.239,8.59,-94.6,5.4,-6.3,1322,97.7,7.59,13.1,
25.75817738,-80.37357125,19:00.6,9/25/20,0,3.164,84.1,-6.859419304,99.99,84.3,79.39,-22.8,17.1,38.4,1.48,0.69,2.17,90,133,498,15.8,-8.3,D,246.8,7,7.586,2,2,208,107.42,-80.37349897,25.75815696,0,0,1,N,2.248839,43,43,22.82786,219,219,102.4824,0,9999.99,999.99,999.99,0,0,31.7,0,31.70000076,0.87,1514.0763,9/25/20,11:59:12,28.12,1.726,0.87,9.611,8.56,-92.7,696.5,0.4,-598,97.4,7.57,13.1,
25.75817899,-80.37356254,19:01.6,9/25/20,0,3.164,84.1,-6.859419304,99.99,83.5,78.63,-22.4,17.8,38.4,1.47,0.69,2.16,90,133,498,15.8,-8.3,D,246.8,7,6.822,2,2,208,111.04,-80.37349897,25.75815696,0,0,1,N,2.428976,43,43,22.74436,230,230,104.49,0,9999.99,999.99,999.99,0,0,31.6,0,31.70000076,0.75,1513.96798,9/25/20,11:59:14,27.94,1.495,0.75,9.714,8.4,-83.5,1062.3,-3.2,-3505,96,7.49,12.9,
25.75818087,-80.37355208,19:02.6,9/25/20,0,3.164,84.1,-6.859419304,99.99,83.3,78.44,-22.2,18,38.3,1.47,0.69,2.16,90,133,498,15.8,-8.3,D,246.8,8,10.289,2,2,208,152.11,-80.37350401,25.75809909,0,0,1,N,2.632122,43,43,22.6285,250,250,123.3772,0,9999.99,999.99,999.99,0,0,31.6,0,31.70000076,0.75,1513.96798,9/25/20,11:59:14,27.94,1.495,0.75,9.714,8.4,-83.5,1062.3,-3.2,-3505,96,7.49,12.9,
25.75818264,-80.37354277,19:03.6,9/25/20,0,3.164,84.1,-6.859419304,99.99,83.1,78.25,-21.7,16.6,38.4,1.46,0.69,2.15,90,133,498,15.8,-8.3,D,246.8,8,10.069,2,2,208,157.32,-80.37350401,25.75809909,0,0,1,N,4.710799,43,43,22.46374,250,250,159.8517,0,9999.99,999.99,999.99,0,0,31.6,0,31.60000038,0.74,1513.73648,9/25/20,11:59:16,27.89,1.49,0.74,9.706,8.34,-79.5,1307.2,-2.9,-853,91.6,7.16,12.9,
25.7581844,-80.37353348,19:04.6,9/25/20,0,3.164,84.1,-6.859419304,99.99,83.3,78.44,-22.2,17.5,38.4,1.45,0.69,2.14,90,131,498,15.8,-8.2,D,250.5,8,9.934,2,2,174,162.72,-80.37350401,25.75809909,0,0,1,N,3.783986,43,43,22.35987,250,250,164.7173,0,9999.99,999.99,999.99,0,0,31.6,0,31.60000038,0.74,1513.73648,9/25/20,11:59:16,27.89,1.49,0.74,9.706,8.34,-79.5,1307.2,-2.9,-853,91.6,7.16,12.9,
25.75818614,-80.37352432,19:05.6,9/25/20,0,3.164,84.1,-6.859419304,99.99,83.6,78.72,-22.3,16.8,38.4,1.47,0.69,2.16,90,131,498,15.8,-8.2,D,250.5,8,9.891,2,2,174,168.13,-80.37350401,25.75809909,0,0,1,N,2.884762,43,43,22.67982,250,250,169.505,0,9999.99,999.99,999.99,0,0,31.6,0,31.60000038,0.74,1513.73385,9/25/20,11:59:17,27.88,1.491,0.74,9.721,8.31,-78.1,1290,-1.7,-3822,88.7,6.93,13,
25.75818796,-80.37351445,19:06.7,9/25/20,0,3.164,84.1,-6.859419304,99.99,83.6,78.72,-22.3,16.4,38.4,1.51,0.69,2.2,90,131,498,15.8,-8.2,D,250.5,8,9.937,2,2,174,173.96,-80.37350401,25.75809909,0,0,1,N,1.929629,43,43,23.24438,250,250,174.5712,0,9999.99,999.99,999.99,0,0,31.6,0,31.60000038,0.74,1513.73978,9/25/20,11:59:19,27.88,1.491,0.74,9.703,8.27,-75.5,1274.8,-6,-4788,81.9,6.4,13,
25.75818968,-80.37350517,19:07.7,9/25/20,0,3.164,84.1,-6.859419304,99.99,83.6,78.72,-22.6,16.5,38.4,1.5,0.69,2.19,90,41,497.9,16,-2.5,D,808.4,8,10.074,2,2,174,179.34,-80.37350401,25.75809909,0,0,1,N,1.017448,43,43,23.10423,250,250,179.3359,0,9999.99,999.99,999.99,0,0,31.6,0,31.60000038,0.74,1513.73978,9/25/20,11:59:19,27.88,1.491,0.74,9.703,8.27,-75.5,1274.8,-6,-4788,81.9,6.4,13,
25.75819128,-80.37349661,19:08.7,9/25/20,0,3.164,84.1,-6.859419304,99.99,82.8,77.96,-21.8,16.7,38.4,1.49,0.69,2.17,90,41,497.9,16,-2.5,D,808.4,8,10.277,2,2,174,184.13,-80.37350401,25.75809909,0,0,1,N,0.1623536,43,43,22.92526,250,250,183.678,0,9999.99,999.99,999.99,0,0,31.6,0,31.60000038,0.85,1513.85402,9/25/20,11:59:20,27.88,1.685,0.85,9.707,8.25,-74.6,1247.4,-4.1,-2133,78.5,6.13,13,
25.75819302,-80.37348746,19:09.7,9/25/20,0,3.164,84.1,-6.859419304,99.99,83.4,78.53,-22.6,16.5,38.4,1.47,0.69,2.16,90,41,497.9,16,-2.5,D,808.4,8,10.575,2,2,174,189.02,-80.37350401,25.75809909,0,0,1,N,0.7352858,43,43,22.72897,250,250,188.0564,0,0.37,999.99,0.4995859,0,0,31.6,0,31.60000038,0.84,1513.84101,9/25/20,11:59:22,27.88,1.679,0.84,9.7,8.22,-72.5,1071.5,-2.4,-4382,71.7,5.6,12.9,
25.75819475,-80.37347817,19:10.7,9/25/20,0,3.164,84.1,-6.859419304,99.99,83.3,78.44,-22.2,16.6,38.4,1.46,0.69,2.15,90,41,497.9,16,-2.5,D,808.4,8,10.948,2,2,174,193.67,-80.37350401,25.75809909,0,0,1,N,1.633544,43,43,22.53797,250,250,192.2176,0,9999.99,999.99,999.99,0,0,31.6,0,31.60000038,0.84,1513.84101,9/25/20,11:59:22,27.88,1.679,0.84,9.7,8.22,-72.5,1071.5,-2.4,-4382,71.7,5.6,12.9,
25.75819653,-80.37346876,19:11.7,9/25/20,0,3.164,84.1,-6.859419304,99.99,83.5,78.63,-22.6,16.7,38.4,1.46,0.69,2.15,90,41,497.9,16,-2.5,D,808,8,11.395,2,2,174,198.05,-80.37350401,25.75809909,0,0,1,N,2.544823,43,43,22.47935,250,250,196.187,0,9999.99,999.99,999.99,0,0,31.6,0,31.60000038,0.84,1513.83706,9/25/20,11:59:23,27.88,1.679,0.84,9.696,8.19,-71,953.7,-5.9,-5735,68.5,5.35,12.9,
25.75819832,-80.37345961,19:12.7,9/25/20,0,3.164,84.1,-6.859419304,99.99,83.2,78.34,-22.2,16.2,38.4,1.47,0.69,2.16,90,41,497.9,16,-2.5,D,808,8,11.896,2,2,174,201.95,-80.37350401,25.75809909,0,0,1,N,3.470024,43,43,22.62476,250,250,199.9387,0,9999.99,999.99,999.99,0,0,31.6,0,31.60000038,0.84,1513.83716,9/25/20,11:59:25,27.88,1.677,0.84,9.711,8.15,-68.6,953.7,-1.9,-2862,62.5,4.88,12.9,
25.75820013,-80.37344988,19:13.7,9/25/20,0,3.164,84.1,-6.859419304,99.99,83.4,78.53,-22.3,16.3,38.4,1.48,0.69,2.16,90,41,497.9,16,-2.5,D,808,8,12.475,2,2,174,205.76,-80.37350401,25.75809909,0,0,1,N,4.411351,43,43,22.74751,250,250,203.4786,0,9999.99,999.99,999.99,0,0,31.6,0,31.60000038,0.84,1513.83716,9/25/20,11:59:25,27.88,1.677,0.84,9.711,8.15,-68.6,953.7,-1.9,-2862,62.5,4.88,12.9,
25.7582019,-80.3734406,19:14.7,9/25/20,0,3.164,84.1,-6.859419304,99.99,83.4,78.53,-22.5,16.4,38.4,1.47,0.69,2.16,90,41,497.8,16,-2.5,D,809.6,8,13.078,2,2,174,209.05,-80.37350401,25.75809909,0,0,1,N,5.322915,43,43,22.66531,250,250,211.5495,0,9999.99,999.99,999.99,0,0,31.6,0,31.60000038,0.84,1513.83956,9/25/20,11:59:26,27.88,1.676,0.84,9.702,8.14,-67.6,953.7,-4,80,59.7,4.66,12.8,
25.75820381,-80.37343088,19:15.7,9/25/20,0,3.164,84.1,-6.859419304,99.99,82.7,77.87,-22.1,16.2,38.4,1.46,0.69,2.15,90,41,497.8,16,-2.5,D,809.6,8,13.756,2,2,174,212.17,-80.37350401,25.75809909,0,0,1,N,6.290921,43,43,22.58308,250,250,215.0541,0,9999.99,999.99,999.99,0,0,31.6,0,31.60000038,0.84,1513.83863,9/25/20,11:59:27,27.89,1.676,0.84,9.698,8.11,-66.3,953.7,-6.3,-843,57,4.45,13,
25.75820559,-80.37342174,19:16.7,9/25/20,0,3.164,84.1,-6.859419304,99.99,82.9,78.06,-22,16.1,38.3,1.47,0.69,2.16,90,41,497.8,16,-2.5,D,809.6,8,14.426,2,2,174,214.83,-80.37350401,25.75809909,0,0,1,N,7.187188,43,43,22.63357,250,250,217.9605,0,9999.99,999.99,999.99,0,0,31.6,0,31.60000038,0.84,1513.83796,9/25/20,11:59:29,27.89,1.675,0.84,9.696,8.09,-64.6,953.7,-3.5,-2288,52.2,4.08,13.1,
25.75820734,-80.37341246,19:17.7,9/25/20,0,3.164,84.1,-6.859419304,99.99,83.4,78.53,-22.6,16.4,38.3,1.46,0.69,2.15,90,41,497.8,16,-2.5,D,809.6,8,15.131,2,2,174,217.3,-80.37350401,25.75809909,0,0,1,N,8.085361,43,43,22.57164,250,250,220.5906,0,9999.99,999.99,999.99,0,0,31.6,0,31.60000038,0.84,1513.83836,9/25/20,11:59:30,27.89,1.675,0.84,9.687,8.07,-63.5,953.8,-3,-3905,50,3.91,12.8,
25.75820908,-80.37340317,19:18.7,9/25/20,0,3.164,84.1,-6.859419304,99.99,83.1,78.25,-22.4,16.5,38.3,1.46,0.69,2.15,90,41,497.8,16,-2.5,D,809.8,8,15.861,2,2,174,219.55,-80.37350401,25.75809909,0,0,1,N,8.997219,43,43,22.52306,250,250,222.995,0,9999.99,999.99,999.99,0,0,31.6,0,31.60000038,0.84,1513.83754,9/25/20,11:59:31,27.89,1.675,0.84,9.691,8.06,-62.8,953.8,-4.4,-1306,48,3.74,13.1,
25.75821078,-80.37339403,19:19.7,9/25/20,0,3.164,84.1,-6.859419304,99.99,83,78.15,-22.4,16.7,38.4,1.45,0.69,2.14,90,41,497.8,16,-2.5,D,809.8,8,16.6,2,2,174,221.57,-80.37350401,25.75809909,0,0,1,N,9.909584,43,43,22.40259,250,250,225.1658,0,9999.99,999.99,999.99,0,0,31.7,0,31.60000038,0.84,1513.83754,9/25/20,11:59:31,27.89,1.675,0.84,9.691,8.06,-62.8,953.8,-4.4,-1306,48,3.74,13.1,
25.75821259,-80.37338431,19:20.7,9/25/20,0,3.164,84.1,-6.859419304,99.99,83.8,78.91,-22.6,16.5,38.3,1.45,0.69,2.14,90,41,497.8,16,-2.5,D,809.8,8,17.406,2,2,174,223.53,-80.37350401,25.75809909,0,0,1,N,10.8495,43,43,22.33459,250,250,227.1756,0,9999.99,999.99,999.99,0,0,31.7,0,31.70000076,0.84,1514.05452,9/25/20,11:59:32,27.9,1.675,0.84,9.699,8.04,-61.9,623,-8.7,-2586,46,3.59,13,
25.75821433,-80.37337503,19:21.7,9/25/20,0,3.164,84.1,-6.859419304,99.99,83.5,78.63,-22.6,16.4,38.3,1.45,0.69,2.14,90,41,497.8,16,-2.5,D,809.8,8,18.195,2,2,174,225.23,-80.37350401,25.75809909,0,0,1,N,11.76114,43,43,22.39181,250,250,228.9364,0,9999.99,999.99,999.99,0,0,31.7,0,31.70000076,0.84,1514.05392,9/25/20,11:59:34,27.9,1.674,0.84,9.68,8.01,-60,674.2,0.3,-823,42.4,3.31,12.9,
25.75821595,-80.37336633,19:22.7,9/25/20,0,3.164,84.1,-6.859419304,99.99,83.2,78.34,-22.5,16.3,38.3,1.45,0.69,2.14,90,41,497.7,16,-2.5,D,808.5,8,18.946,2,2,174,226.7,-80.37350401,25.75809909,0,0,1,N,12.62937,43,43,22.33435,250,250,230.4626,0,9999.99,999.99,999.99,0,0,31.7,0,31.70000076,0.84,1514.05392,9/25/20,11:59:34,27.9,1.674,0.84,9.68,8.01,-60,674.2,0.3,-823,42.4,3.31,12.9,
25.75821768,-80.37335721,19:23.7,9/25/20,0,3.164,84.1,-6.859419304,99.99,83.5,78.63,-22.4,16.4,38.3,1.45,0.69,2.14,90,41,497.7,16,-2.5,D,808.5,8,19.749,2,2,174,228.11,-80.37350401,25.75809909,0,0,1,N,13.52614,43,43,22.4011,250,250,231.8898,0,9999.99,999.99,999.99,0,0,31.7,0,31.70000076,0.84,1514.0538,9/25/20,11:59:35,27.9,1.673,0.84,9.684,8,-59.5,540.7,-9.9,-1913,40.8,3.19,13.1,
25.75821963,-80.3733469,19:24.7,9/25/20,0,3.164,84.1,-6.859419304,99.99,83.4,78.53,-22.6,16.2,38.3,1.45,0.69,2.14,90,41,497.7,16,-2.5,D,808.5,8,20.669,2,2,174,229.57,-80.37350401,25.75809909,0,0,1,N,14.52293,43,43,22.37819,250,250,233.3335,0,9999.99,999.99,999.99,0,0,31.7,0,31.70000076,0.84,1514.05485,9/25/20,11:59:37,27.91,1.673,0.84,9.688,7.98,-58,657.8,-4.9,-4556,37.8,2.95,13,
25.75822138,-80.37333762,19:25.7,9/25/20,0,3.164,84.1,-6.859419304,99.99,83.3,78.44,-22.5,16.1,38.3,1.44,0.69,2.13,90,41,497.7,16,-2.5,D,806.2,8,21.508,2,2,174,230.78,-80.37350401,25.75809909,0,0,1,N,15.43486,43,43,22.21857,250,250,234.5369,0,9999.99,999.99,999.99,0,0,31.7,0,31.70000076,0.84,1514.05239,9/25/20,11:59:38,27.91,1.672,0.84,9.686,7.96,-57.1,669.6,-3.9,-2264,36.4,2.84,12.9,
25.75822311,-80.37332848,19:26.7,9/25/20,0,3.164,84.1,-6.859419304,99.99,83.7,78.82,-22.8,16.4,38.3,1.43,0.69,2.12,90,41,497.7,16,-2.5,D,806.2,8,22.342,2,2,174,231.88,-80.37350401,25.75809909,0,0,1,N,16.34597,43,43,22.11401,250,250,235.6361,0,9999.99,999.99,999.99,0,0,31.7,0,31.70000076,0.84,1514.05118,9/25/20,11:59:39,27.91,1.672,0.84,9.679,7.95,-56.6,646.1,-4.7,-3736,35.1,2.74,13,
25.758225,-80.37331877,19:27.8,9/25/20,0,3.164,84.1,-6.859419304,99.99,82.7,77.87,-22.4,16,38.3,1.45,0.69,2.14,90,41,497.7,16,-2.5,D,806.2,8,23.241,2,2,174,232.96,-80.37350401,25.75809909,0,0,1,N,17.28561,43,43,22.29162,250,250,236.6711,0,9999.99,999.99,999.99,0,0,31.7,0,31.70000076,0.84,1514.05324,9/25/20,11:59:40,27.91,1.672,0.84,9.686,7.94,-56,646.1,-5.8,-2732,33.9,2.65,13,
25.75822675,-80.37330949,19:28.8,9/25/20,0,3.164,84.1,-6.859419304,99.99,83.1,78.25,-22.4,16,38.3,1.44,0.69,2.13,90,41,497.7,16,-2.5,D,806.2,8,24.103,2,2,174,233.92,-80.37350401,25.75809909,0,0,1,N,18.19653,43,43,22.17909,250,250,237.6001,0,9999.99,999.99,999.99,0,0,31.7,0,31.70000076,0.84,1514.05262,9/25/20,11:59:41,27.91,1.672,0.84,9.685,7.93,-55.2,553.7,-5.5,-1523,32.7,2.56,13,
25.75822847,-80.3733008,19:29.8,9/25/20,0,3.164,84.1,-6.859419304,99.99,83.4,78.53,-22.6,16,38.3,1.43,0.69,2.11,90,41,497.6,16,-2.5,D,808.1,8,24.922,2,2,174,234.74,-80.37350401,25.75809909,0,0,1,N,19.06404,43,43,21.97348,250,250,238.4029,0,9999.99,999.99,999.99,0,0,31.7,0,31.70000076,0.84,1514.04956,9/25/20,11:59:42,27.92,1.671,0.84,9.678,7.92,-54.5,528.2,-1.1,-3638,31.6,2.47,12.9,
25.7582302,-80.37329167,19:30.8,9/25/20,0,3.164,84.1,-6.859419304,99.99,83,78.15,-22.3,16.1,38.4,1.42,0.69,2.1,90,41,497.6,16,-2.5,D,808.1,8,25.783,2,2,174,235.57,-80.37350401,25.75809909,0,0,1,N,19.96019,43,43,21.83938,250,250,239.1879,0,9999.99,999.99,999.99,0,0,31.7,0,31.70000076,0.84,1514.04844,9/25/20,11:59:43,27.92,1.67,0.84,9.679,7.91,-54,491.6,1.2,-4668,30.6,2.39,13,
25.7582322,-80.37328138,19:31.8,9/25/20,0,3.164,84.1,-6.859419304,99.99,83.4,78.53,-22.6,16.3,38.3,1.43,0.69,2.12,90,41,497.6,16,-2.5,D,808.1,8,26.762,2,2,174,236.42,-80.37350401,25.75809909,0,0,1,N,20.95628,43,43,22.08522,250,250,239.9846,0,9999.99,999.99,999.99,0,0,31.7,0,31.70000076,0.84,1514.05057,9/25/20,11:59:44,27.92,1.671,0.84,9.686,7.9,-53.3,463.9,-1.8,-4486,29.6,2.31,12.9,
25.75823402,-80.37327209,19:32.8,9/25/20,0,3.164,84.1,-6.859419304,99.99,82.8,77.96,-22.2,16.1,38.3,1.44,0.69,2.12,90,41,497.6,16,-2.5,D,808.8,8,27.651,2,2,174,237.14,-80.37350401,25.75809909,0,0,1,N,21.86781,43,43,22.13918,250,250,240.6617,0,9999.99,999.99,999.99,0,0,31.7,0,31.70000076,0.84,1514.05111,9/25/20,11:59:45,27.92,1.67,0.84,9.68,7.89,-52.9,455.1,-1.9,-4215,28.6,2.23,13,
25.75823568,-80.37326296,19:33.8,9/25/20,0,3.164,84.1,-6.859419304,99.99,82.8,77.96,-22.5,16.1,38.3,1.42,0.69,2.11,90,41,497.6,16,-2.5,D,808.8,8,28.521,2,2,174,237.82,-80.37350401,25.75809909,0,0,1,N,22.77983,43,43,21.91348,250,250,241.3105,0,9999.99,999.99,999.99,0,0,31.7,0,31.70000076,0.84,1514.04886,9/25/20,11:59:46,27.92,1.67,0.84,9.681,7.88,-52.2,453.8,-2.3,-3372,27.7,2.16,12.9,
25.75823753,-80.37325325,19:34.8,9/25/20,0,3.164,84.1,-6.859419304,99.99,82.8,77.96,-22.5,16.3,38.4,1.42,0.69,2.11,90,41,497.6,16,-2.5,D,808.8,8,29.456,2,2,174,238.49,-80.37350401,25.75809909,0,0,1,N,23.71842,43,43,21.92541,250,250,241.9237,0,9999.99,999.99,999.99,0,0,31.7,0,31.70000076,0.84,1514.04882,9/25/20,11:59:47,27.92,1.67,0.84,9.678,7.87,-51.8,456.3,-2.7,-2864,26.9,2.1,13,
25.7582393,-80.37324397,19:35.8,9/25/20,0,3.164,84.1,-6.859419304,99.99,82.5,77.68,-22.2,16.3,38.3,1.42,0.69,2.11,90,41,497.6,16,-2.5,D,808.8,8,30.352,2,2,174,239.09,-80.37350401,25.75809909,0,0,1,N,24.62904,43,43,21.94291,250,250,242.4796,0,9999.99,999.99,999.99,0,0,31.8,0,31.70000076,0.84,1514.04904,9/25/20,11:59:48,27.92,1.671,0.84,9.675,7.86,-51.2,456,-2.4,-1493,26.1,2.04,13,
25.75824102,-80.37323513,19:36.8,9/25/20,0,3.164,84.1,-6.859419304,99.99,83.2,78.34,-22.6,16.3,38.3,1.42,0.69,2.11,90,41,497.5,16,-2.5,D,809.7,8,31.211,2,2,174,239.63,-80.37350401,25.75809909,0,0,1,N,25.51139,43,43,21.97037,250,250,242.9758,0,9999.99,999.99,999.99,0,0,31.8,0,31.79999924,0.84,1514.26758,9/25/20,11:59:49,27.93,1.671,0.84,9.675,7.85,-50.7,457.1,-6.6,-3191,25.3,1.97,13,
25.75824273,-80.37322599,19:37.8,9/25/20,0,3.164,84.1,-6.859419304,99.99,82,77.2,-22,16.2,38.3,1.43,0.69,2.11,90,41,497.5,16,-2.5,D,809.7,8,32.099,2,2,174,240.16,-80.37350401,25.75809909,0,0,1,N,26.40807,43,43,21.97748,250,250,243.4635,0,9999.99,999.99,999.99,0,0,31.8,0,31.79999924,0.84,1514.26766,9/25/20,11:59:50,27.93,1.671,0.84,9.679,7.85,-50.5,454,-3.3,-2180,24.6,1.92,12.9,
25.75824469,-80.37321571,19:38.9,9/25/20,0,3.164,84.1,-6.859419304,99.99,83.1,78.25,-22.6,16.4,38.3,1.43,0.69,2.12,90,41,497.5,16,-2.5,D,809.7,8,33.102,2,2,174,240.72,-80.37350401,25.75809909,0,0,1,N,27.40457,43,43,22.04082,250,250,243.9655,0,9999.99,999.99,999.99,0,0,31.8,0,31.79999924,0.84,1514.26789,9/25/20,11:59:51,27.93,1.67,0.84,9.683,7.84,-50,453.3,-1.5,-3111,23.9,1.87,13.1,
25.75824647,-80.37320643,19:39.9,9/25/20,0,3.164,84.1,-6.859419304,99.99,82.6,77.77,-22.4,16.4,38.3,1.43,0.69,2.11,90,41,497.5,16,-2.5,D,806.2,8,34.011,2,2,174,241.19,-80.37350401,25.75809909,0,0,1,N,28.31553,43,43,21.98434,250,250,244.3955,0,9999.99,999.99,999.99,0,0,31.8,0,31.79999924,0.84,1514.26835,9/25/20,11:59:52,27.93,1.671,0.84,9.675,7.83,-49.5,452.3,-0.7,-1320,23.3,1.81,13,
25.75824821,-80.3731973,19:40.9,9/25/20,0,3.164,84.1,-6.859419304,99.99,82.2,77.39,-22.2,16,38.4,1.42,0.69,2.11,90,41,497.5,16,-2.5,D,806.2,8,34.906,2,2,174,241.64,-80.37350401,25.75809909,0,0,1,N,29.22639,43,43,21.85172,250,250,244.8037,0,9999.99,999.99,999.99,0,0,31.8,0,31.79999924,0.84,1514.26755,9/25/20,11:59:53,27.94,1.67,0.84,9.665,7.82,-48.9,451.6,-1.5,-3448,22.6,1.77,13.2,
25.75825009,-80.37318759,19:41.9,9/25/20,0,3.164,84.1,-6.859419304,99.99,83.2,78.34,-22.9,16.2,38.4,1.42,0.69,2.11,90,41,497.5,16,-2.5,D,806.2,8,35.862,2,2,174,242.08,-80.37350401,25.75809909,0,0,1,N,30.16453,43,43,21.89412,250,250,245.1933,0,9999.99,999.99,999.99,0,0,31.8,0,31.79999924,0.84,1514.2663,9/25/20,11:59:54,27.94,1.671,0.84,9.673,7.82,-48.8,451.3,-4.4,-4422,22,1.72,12.8,
25.75825186,-80.37317832,19:42.9,9/25/20,0,3.164,84.1,-6.859419304,99.99,82.9,78.06,-22.3,15.9,38.3,1.42,0.69,2.11,90,41,497.5,16,-2.5,D,806.2,8,36.775,2,2,174,242.49,-80.37350401,25.75809909,0,0,1,N,31.0745,43,43,21.93109,250,250,245.5562,0,9999.99,999.99,999.99,0,0,31.8,0,31.79999924,0.84,1514.26751,9/25/20,11:59:55,27.94,1.67,0.84,9.677,7.81,-48.1,446.3,-8.1,-3356,21.5,1.67,13.1,
25.75825352,-80.37316962,19:43.9,9/25/20,0,3.164,84.1,-6.859419304,99.99,83.2,78.34,-22.5,16,38.4,1.42,0.69,2.11,90,40,497.4,16,-2.5,D,810.9,8,37.634,2,2,174,242.85,-80.37350401,25.75809909,0,0,1,N,31.94292,43,43,21.90912,250,250,245.8857,0,9999.99,999.99,999.99,0,0,31.8,0,31.79999924,0.84,1514.26687,9/25/20,11:59:56,27.94,1.671,0.84,9.666,7.8,-47.9,445.4,0,-2548,20.9,1.63,13.1,
25.75825528,-80.37316048,19:44.9,9/25/20,0,3.164,84.1,-6.859419304,99.99,83,78.15,-22.7,15.8,38.3,1.41,0.69,2.1,90,40,497.4,16,-2.5,D,810.9,8,38.538,2,2,174,243.21,-80.37350401,25.75809909,0,0,1,N,32.8406,43,43,21.75919,250,250,246.2056,0,9999.99,999.99,999.99,0,0,31.8,0,31.79999924,0.84,1514.26523,9/25/20,11:59:57,27.94,1.671,0.84,9.671,7.8,-47.4,442.8,-3.7,-1535,20.4,1.59,13.2,
25.75825703,-80.37315136,19:45.9,9/25/20,0,3.164,84.1,-6.859419304,99.99,82.6,77.77,-22.5,16.3,38.3,1.42,0.69,2.1,90,40,497.4,16,-2.5,D,810.9,8,39.442,2,2,174,243.56,-80.37350401,25.75809909,0,0,1,N,33.72143,43,43,21.84177,250,250,246.5065,0,9999.99,999.99,999.99,0,0,31.8,0,31.79999924,0.84,1514.26515,9/25/20,11:59:58,27.94,1.671,0.84,9.679,7.79,-47.1,439.7,-4.9,65,20,1.56,12.9,
25.75825883,-80.37314209,19:46.9,9/25/20,0,3.164,84.1,-6.859419304,99.99,82.8,77.96,-22.5,16.1,38.3,1.41,0.69,2.1,90,40,497.4,16,-2.5,D,810.2,8,40.363,2,2,174,243.89,-80.37350401,25.75809909,0,0,1,N,34.63143,43,43,21.78405,250,250,246.7969,0,9999.99,999.99,999.99,0,0,31.8,0,31.79999924,0.84,1514.2656,9/25/20,11:59:59,27.94,1.671,0.84,9.66,7.79,-46.9,437.2,0.7,-4115,19.5,1.52,13,
25.7582606,-80.37313282,19:47.9,9/25/20,0,3.164,84.1,-6.859419304,99.99,82.5,77.68,-22,16.1,38.3,1.41,0.69,2.09,90,40,497.4,16,-2.5,D,810.2,8,41.285,2,2,174,244.21,-80.37350401,25.75809909,0,0,1,N,35.5564,43,43,21.67928,250,250,247.0842,0,9999.99,999.99,999.99,0,0,31.8,0,31.79999924,0.84,1514.26421,9/25/20,12:00:00,27.95,1.67,0.84,9.683,7.78,-46.3,465.5,-3,-2167,19.2,1.5,12.9,
25.75826248,-80.37312324,19:48.9,9/25/20,0,3.164,84.1,-6.859419304,99.99,82.4,77.58,-22.3,16.2,38.2,1.4,0.69,2.09,90,40,497.4,16,-2.5,D,810.2,8,42.24,2,2,174,244.53,-80.37350401,25.75809909,0,0,1,N,36.482,43,43,21.58383,250,250,247.3511,0,9999.99,999.99,999.99,0,0,31.8,0,31.79999924,0.84,1514.26338,9/25/20,12:00:01,27.95,1.671,0.84,9.678,7.78,-46.2,478.5,-3.2,-4116,18.9,1.47,13,
25.75826428,-80.37311396,19:49.9,9/25/20,0,3.164,84.1,-6.859419304,99.99,82.8,77.96,-22.3,16.1,38.2,1.39,0.69,2.08,90,40,497.4,16,-2.5,D,810.2,8,43.165,2,2,174,244.81,-80.37350401,25.75809909,0,0,1,N,37.39216,43,43,21.49012,250,250,247.6015,0,9999.99,999.99,999.99,0,0,31.8,0,31.79999924,0.84,1514.26256,9/25/20,12:00:02,27.95,1.673,0.84,9.676,7.77,-45.7,491.9,-4.8,-4696,18.7,1.46,13,
25.75826617,-80.37310411,19:50.9,9/25/20,0,3.164,84.1,-6.859419304,99.99,82.3,77.49,-22.2,16.3,38.2,1.39,0.69,2.08,90,41,497.3,16,-2.5,D,809.2,8,44.148,2,2,174,245.11,-80.37350401,25.75809909,0,0,1,N,38.37375,43,43,21.50341,250,250,247.8656,0,9999.99,999.99,999.99,0,0,31.8,0,31.79999924,0.84,1514.2625,9/25/20,12:00:03,27.95,1.673,0.84,9.669,7.76,-45.5,460.1,-1.7,-2238,18.7,1.46,13,
25.75826793,-80.37309497,19:51.9,9/25/20,0,3.164,84.1,-6.859419304,99.99,82,77.2,-22.1,16.3,38.2,1.39,0.69,2.08,90,41,497.3,16,-2.5,D,809.2,8,45.061,2,2,174,245.38,-80.37350401,25.75809909,0,0,1,N,39.2701,43,43,21.48465,250,250,248.0927,0,9999.99,999.99,999.99,0,0,31.8,0,31.79999924,0.84,1514.26178,9/25/20,12:00:04,27.95,1.672,0.84,9.673,7.75,-44.9,452.6,-5.6,-3219,19,1.48,13,
25.75826974,-80.37308585,19:52.9,9/25/20,0,3.164,84.1,-6.859419304,99.99,82.8,77.96,-22.6,16.3,38.3,1.4,0.69,2.09,90,41,497.3,16,-2.5,D,809.2,8,45.976,2,2,174,245.62,-80.37350401,25.75809909,0,0,1,N,40.15126,43,43,21.5325,250,250,248.2991,0,9999.99,999.99,999.99,0,0,31.8,0,31.79999924,0.84,1514.26221,9/25/20,12:00:05,27.95,1.672,0.84,9.669,7.76,-45,459.3,-4.7,-3128,19.8,1.54,12.9,
25.75827151,-80.37307659,19:53.9,9/25/20,0,3.164,84.1,-6.859419304,99.99,83.5,78.63,-22.8,16,38.2,1.39,0.69,2.08,90,40,497.3,16,-2.5,D,810.1,8,46.903,2,2,174,245.87,-80.37350401,25.75809909,0,0,1,N,41.06074,43,43,21.47948,250,250,248.5116,0,9999.99,999.99,999.99,0,0,31.8,0,31.79999924,0.84,1514.2626,9/25/20,12:00:06,27.96,1.672,0.84,9.666,7.75,-44.4,376.2,-1.3,-3547,21,1.64,12.8,
25.75827324,-80.37306731,19:54.9,9/25/20,0,3.164,84.1,-6.859419304,99.99,83.3,78.44,-22.6,16.3,38.2,1.39,0.69,2.08,90,40,497.3,16,-2.5,D,810.1,8,47.829,2,2,174,246.12,-80.37350401,25.75809909,0,0,1,N,41.98637,43,43,21.46636,250,250,248.7259,0,9999.99,999.99,999.99,0,0,31.8,0,31.79999924,0.84,1514.26183,9/25/20,12:00:07,27.96,1.673,0.84,9.666,7.74,-44.3,369.1,-2.6,-2862,22.4,1.75,13,
25.75827507,-80.37305775,19:55.9,9/25/20,0,3.164,84.1,-6.859419304,99.99,82.2,77.39,-22.2,15.9,38.2,1.39,0.69,2.08,90,40,497.3,16,-2.5,D,810.1,8,48.788,2,2,174,246.35,-80.37350401,25.75809909,0,0,1,N,42.91108,43,43,21.40796,250,250,248.927,0,9999.99,999.99,999.99,0,0,31.9,0,31.89999962,0.84,1514.47863,9/25/20,12:00:08,27.96,1.672,0.84,9.667,7.74,-43.9,366.1,-1.5,-5406,23.9,1.86,13,
25.75827685,-80.37304847,19:56.9,9/25/20,0,3.164,84.1,-6.859419304,99.99,82.4,77.58,-22.2,15.8,38.2,1.39,0.69,2.08,90,40,497.3,16,-2.5,D,810.1,8,49.718,2,2,174,246.57,-80.37350401,25.75809909,0,0,1,N,43.82178,43,43,21.41677,250,250,249.1155,0,9999.99,999.99,999.99,0,0,31.9,0,31.89999962,0.84,1514.47848,9/25/20,12:00:09,27.96,1.672,0.84,9.658,7.73,-43.7,396.9,-4.3,-3911,25.5,1.99,13.2,
25.75827857,-80.37303963,19:57.9,9/25/20,0,3.164,84.1,-6.859419304,99.99,82.5,77.68,-22.3,15.8,38.2,1.39,0.69,2.07,90,41,497.3,16,-2.5,D,807.8,8,50.607,2,2,174,246.77,-80.37350401,25.75809909,0,0,1,N,44.70389,43,43,21.37318,250,250,249.2862,0,9999.99,999.99,999.99,0,0,31.9,0,31.89999962,0.84,1514.47803,9/25/20,12:00:10,27.96,1.673,0.84,9.664,7.73,-43.5,378.7,-4.8,-2420,27.2,2.12,12.9,
25.75828032,-80.3730305,19:58.9,9/25/20,0,3.164,84.1,-6.859419304,99.99,82.1,77.3,-22,15.9,38.2,1.39,0.69,2.08,90,41,497.3,16,-2.5,D,807.8,8,51.525,2,2,174,246.98,-80.37350401,25.75809909,0,0,1,N,45.5994,43,43,21.43598,250,250,249.4572,0,9999.99,999.99,999.99,0,0,31.9,0,31.89999962,0.84,1514.47877,9/25/20,12:00:11,27.96,1.672,0.84,9.672,7.72,-43,359.3,-6.1,-1612,28.8,2.25,13,
25.75828225,-80.37302036,19:59.9,9/25/20,0,3.164,84.1,-6.859419304,99.99,83,78.15,-22.5,15.7,38.2,1.39,0.69,2.07,90,41,497.3,16,-2.5,D,807.8,8,52.543,2,2,174,247.19,-80.37350401,25.75809909,0,0,1,N,46.58076,43,43,21.3647,250,250,249.6372,0,9999.99,999.99,999.99,0,0,31.9,0,31.89999962,0.84,1514.47878,9/25/20,12:00:12,27.97,1.673,0.84,9.664,7.72,-42.9,342.4,-6.6,-3719,30.5,2.38,13,
25.75828402,-80.37301109,20:00.9,9/25/20,0,3.164,84.1,-6.859419304,99.99,82.3,77.49,-22.1,15.7,38.2,1.39,0.69,2.07,90,41,497.3,16,-2.5,D,807.8,8,53.476,2,2,174,247.39,-80.37350401,25.75809909,0,0,1,N,47.49149,43,43,21.37711,250,250,249.8,0,9999.99,999.99,999.99,0,0,31.9,0,31.89999962,0.84,1514.47789,9/25/20,12:00:13,27.97,1.672,0.84,9.669,7.72,-42.6,333.5,-6,-3212,32.2,2.51,13,
25.7582858,-80.37300181,20:01.9,9/25/20,0,3.164,84.1,-6.859419304,99.99,82.5,77.68,-22.4,16,38.2,1.38,0.69,2.07,90,41,497.2,16,-2.5,D,808,8,54.41,2,2,174,247.57,-80.37350401,25.75809909,0,0,1,N,48.4167,43,43,21.31866,250,250,249.9561,0,9999.99,999.99,999.99,0,0,31.9,0,31.89999962,0.84,1514.47772,9/25/20,12:00:14,27.97,1.674,0.84,9.675,7.71,-42.5,356.2,-3.2,-2494,33.8,2.64,12.8,
25.75828739,-80.3729934,20:02.9,9/25/20,0,3.164,84.1,-6.859419304,99.99,83,78.15,-22.8,16.1,38.1,1.37,0.69,2.06,90,41,497.2,16,-2.5,D,808,8,55.257,2,2,174,247.73,-80.37350401,25.75809909,0,0,1,N,49.22827,43,43,21.13002,250,250,250.0911,0,9999.99,999.99,999.99,0,0,31.9,0,31.89999962,0.84,1514.47522,9/25/20,12:00:15,27.97,1.672,0.84,9.678,7.71,-42,362.5,-2.2,-2075,35.5,2.76,13.2,
25.75828916,-80.37298414,20:03.9,9/25/20,0,3.164,84.1,-6.859419304,99.99,82.8,77.96,-22.6,15.9,38.2,1.38,0.69,2.07,90,41,497.2,16,-2.5,D,808,8,56.19,2,2,174,247.91,-80.37350401,25.75809909,0,0,1,N,50.13805,43,43,21.23156,250,250,250.2365,0,9999.99,999.99,999.99,0,0,31.9,0,31.89999962,0.84,1514.47603,9/25/20,12:00:16,27.97,1.672,0.84,9.671,7.71,-42,363.4,0.4,-4141,37,2.88,13.1,
25.75829112,-80.37297414,20:04.9,9/25/20,0,3.164,84.1,-6.859419304,99.99,83.1,78.25,-22.6,16.1,38.1,1.38,0.69,2.06,90,41,497.2,16,-2.5,D,809.3,8,57.2,2,2,174,248.08,-80.37350401,25.75809909,0,0,1,N,51.13215,43,43,21.22335,250,250,250.3824,0,9999.99,999.99,999.99,0,0,31.9,0,31.89999962,0.84,1514.47658,9/25/20,12:00:17,27.98,1.672,0.84,9.666,7.7,-41.9,388.9,-3.4,-4108,38.4,2.99,13.1,
25.7582928,-80.37296502,20:05.9,9/25/20,0,3.164,84.1,-6.859419304,99.99,83.6,78.72,-22.9,16.2,38.1,1.36,0.69,2.05,90,41,497.2,16,-2.5,D,809.3,8,58.117,2,2,174,248.25,-80.37350401,25.75809909,0,0,1,N,52.02943,43,43,21.01779,250,250,250.521,0,9999.99,999.99,999.99,0,0,31.9,0,31.89999962,0.84,1514.47454,9/25/20,12:00:18,27.98,1.672,0.84,9.673,7.7,-41.5,415.7,-4.2,-2569,39.8,3.1,12.9,
25.75829448,-80.37295604,20:07.0,9/25/20,0,3.164,84.1,-6.859419304,99.99,83,78.15,-22.8,16.3,38.2,1.37,0.69,2.06,90,41,497.2,16,-2.5,D,809.3,8,59.022,2,2,174,248.4,-80.37350401,25.75809909,0,0,1,N,52.89671,43,43,21.14225,250,250,250.6496,0,9999.99,999.99,999.99,0,0,31.9,0,31.89999962,0.84,1514.47528,9/25/20,12:00:19,27.98,1.672,0.84,9.68,7.69,-41.3,410.3,-2.6,-1574,41,3.2,13.1,
25.75829628,-80.37294677,20:07.9,9/25/20,0,3.164,84.1,-6.859419304,99.99,82.7,77.87,-22.4,16,38.2,1.36,0.69,2.05,90,41,497.2,16,-2.5,D,809.3,8,59.959,2,2,174,248.55,-80.37350401,25.75809909,0,0,1,N,53.80687,43,43,20.98059,250,250,250.7734,0,9999.99,999.99,999.99,0,0,31.9,0,31.89999962,0.84,1514.47528,9/25/20,12:00:20,27.98,1.673,0.84,9.673,7.69,-41.2,594.9,-0.3,-2584,42.2,3.29,13,
25.75829651,-80.37294561,20:09.0,9/25/20,0,3.164,84.1,-6.859419304,99.99,82.5,77.68,-22.4,15.9,38.2,1.36,0.69,2.05,90,41,497.1,16,-2.5,D,807.3,8,60.076,0,0,128,248.57,-80.37350401,25.75809909,0,0,1,Sfp,54.03429,43,43,20.98472,250,250,250.8032,0,9999.99,999.99,999.99,0,0,31.9,0,31.89999962,0.84,1514.47333,9/25/20,12:00:21,27.98,1.672,0.84,9.673,7.69,-41,652.8,-3.8,-1998,43.3,3.38,13,
25.75829651,-80.37294561,20:10.0,9/25/20,0,3.164,84.1,-6.859419304,99.99,82.4,77.58,-22.4,15.8,38.1,1.37,0.69,2.06,90,41,497.1,16,-2.5,D,807.3,8,60.076,0,0,128,248.57,-80.37350401,25.75809909,0,0,1,Sfp,54.03429,43,43,21.13845,250,250,250.8032,0,9999.99,999.99,999.99,0,0,31.9,0,31.89999962,0.84,1514.47524,9/25/20,12:00:22,27.98,1.672,0.84,9.676,7.68,-40.8,632.8,-2.1,-3793,44.4,3.46,13,
25.75829651,-80.37294561,20:11.0,9/25/20,0,3.164,84.1,-6.859419304,99.99,82.9,78.06,-22.5,15.6,38.2,1.36,0.69,2.05,90,41,497.1,16,-2.5,D,807.3,8,60.076,0,0,128,248.57,-80.37350401,25.75809909,0,0,1,Sfp,54.03429,43,43,21.03017,250,250,250.8032,0,9999.99,999.99,999.99,0,0,31.9,0,31.89999962,0.84,1514.47476,9/25/20,12:00:23,27.98,1.672,0.84,9.664,7.68,-40.6,557.3,-3,-1575,45.3,3.53,13,
25.75829651,-80.37294561,20:11.9,9/25/20,0,3.164,84.1,-6.859419304,99.99,82.7,77.87,-22.6,15.5,38.2,1.36,0.69,2.05,90,21,497.1,16,-1.3,D,1550.5,8,60.076,0,0,128,248.57,-80.37350401,25.75809909,0,0,1,Sfp,54.03429,43,43,20.99817,250,250,250.8032,0,9999.99,999.99,999.99,0,0,31.9,0,31.89999962,0.84,1514.47406,9/25/20,12:00:24,27.99,1.673,0.84,9.672,7.68,-40.3,528.3,-2.2,-2994,46.2,3.6,13,
25.75829651,-80.37294561,20:13.0,9/25/20,0,3.164,84.1,-6.859419304,99.99,82.7,77.87,-22.5,15.7,38.1,1.37,0.69,2.06,90,21,497.1,16,-1.3,D,1550.5,8,60.076,0,0,128,248.57,-80.37350401,25.75809909,0,0,1,Sfp,54.03429,43,43,21.11141,250,250,250.8032,0,9999.99,999.99,999.99,0,0,31.9,0,31.89999962,0.84,1514.47474,9/25/20,12:00:25,27.99,1.672,0.84,9.666,7.68,-40.2,504.4,-5.4,-3591,47.1,3.67,13,
25.75829651,-80.37294561,20:14.0,9/25/20,0,3.164,84.1,-6.859419304,99.99,82.5,77.68,-22.5,15.5,38.1,1.36,0.69,2.05,90,21,497.1,16,-1.3,D,1550.5,8,60.076,0,0,128,248.57,-80.37350401,25.75809909,0,0,1,Sfp,54.03429,43,43,21.0265,250,250,250.8032,0,9999.99,999.99,999.99,0,0,31.9,0,31.89999962,0.84,1514.47423,9/25/20,12:00:26,27.99,1.673,0.84,9.671,7.67,-39.9,518.4,-3.6,-3277,47.8,3.72,12.9,
25.75829651,-80.37294561,20:15.0,9/25/20,0,3.164,84.1,-6.859419304,99.99,82.5,77.68,-22.5,15.5,38.1,1.37,0.69,2.06,90,21,497.1,16,-1.3,D,1550.5,8,60.076,0,0,128,248.57,-80.37350401,25.75809909,0,0,1,Sfp,54.03429,43,43,21.05754,250,250,250.8032,0,9999.99,999.99,999.99,0,0,31.9,0,31.89999962,0.84,1514.47374,9/25/20,12:00:27,27.99,1.673,0.84,9.656,7.67,-39.8,490.8,-0.5,-1812,48.5,3.78,13.1,
25.75829651,-80.37294561,20:16.0,9/25/20,0,3.164,84.1,-6.859419304,99.99,82.8,77.96,-22.5,15.5,38.1,1.38,0.69,2.07,90,22,497,16,-1.3,D,1487.9,8,60.076,0,0,128,248.57,-80.37350401,25.75809909,0,0,1,Sfp,54.03429,43,43,21.24787,250,250,250.8032,0,9999.99,999.99,999.99,0,0,31.9,0,31.89999962,0.84,1514.47656,9/25/20,12:00:28,27.99,1.673,0.84,9.668,7.67,-39.7,451.9,-6.1,-139,49.2,3.83,13,
25.75829651,-80.37294561,20:17.0,9/25/20,0,3.164,84.1,-6.859419304,99.99,82.9,78.06,-22.5,15.5,38.1,1.38,0.69,2.07,90,22,497,16,-1.3,D,1487.9,8,60.076,0,0,128,248.57,-80.37350401,25.75809909,0,0,1,Sfp,54.03429,43,43,21.23702,250,250,250.8032,0,9999.99,999.99,999.99,0,0,31.9,0,31.89999962,0.84,1514.47657,9/25/20,12:00:30,27.99,1.673,0.84,9.666,7.66,-39.3,411.7,-5.5,-3143,50.3,3.92,12.8,
25.75829651,-80.37294561,20:18.0,9/25/20,0,3.164,84.1,-6.859419304,99.99,82.8,77.96,-22.6,15.5,38.1,1.37,0.69,2.05,90,22,497,16,-1.3,D,1487.9,8,60.076,0,0,128,248.57,-80.37350401,25.75809909,0,0,1,Sfp,54.03429,43,43,21.07112,250,250,250.8032,0,9999.99,999.99,999.99,0,0,31.9,0,31.89999962,0.84,1514.47657,9/25/20,12:00:30,27.99,1.673,0.84,9.666,7.66,-39.3,411.7,-5.5,-3143,50.3,3.92,12.8,
25.75829651,-80.37294561,20:19.0,9/25/20,0,3.164,84.1,-6.859419304,99.99,82.6,77.77,-22.7,15.4,38.1,1.37,0.69,2.06,90,21,497,16,-1.3,D,1559.6,8,60.076,0,0,128,248.57,-80.37350401,25.75809909,0,0,1,Sfp,54.03429,43,43,21.10269,250,250,250.8032,0,9999.99,999.99,999.99,0,0,31.9,0,31.89999962,0.84,1514.47444,9/25/20,12:00:31,27.99,1.673,0.84,9.674,7.66,-39.1,426.3,-5.3,-3276,50.7,3.95,12.9,
25.75829651,-80.37294561,20:20.0,9/25/20,0,3.164,84.1,-6.859419304,99.99,82.5,77.68,-22.6,15.5,38.2,1.38,0.69,2.07,90,21,497,16,-1.3,D,1559.6,8,60.076,0,0,128,248.57,-80.37350401,25.75809909,0,0,1,Sfp,54.03429,43,43,21.23317,250,250,250.8032,0,9999.99,999.99,999.99,0,0,31.9,0,31.89999962,0.84,1514.47642,9/25/20,12:00:33,27.99,1.673,0.84,9.672,7.65,-38.9,454.3,-1.9,-3730,51.5,4.01,13.1,
25.75829651,-80.37294561,20:21.0,9/25/20,0,3.164,84.1,-6.859419304,99.99,82.6,77.77,-22.6,15.4,38.2,1.38,0.69,2.07,90,21,497,16,-1.3,D,1559.6,8,60.076,0,0,128,248.57,-80.37350401,25.75809909,0,0,1,Sfp,54.03429,43,43,21.25607,250,250,250.8032,0,9999.99,999.99,999.99,0,0,31.9,0,31.89999962,0.84,1514.47642,9/25/20,12:00:33,27.99,1.673,0.84,9.672,7.65,-38.9,454.3,-1.9,-3730,51.5,4.01,13.1,
25.75829651,-80.37294561,20:22.0,9/25/20,0,3.164,84.1,-6.859419304,99.99,82.4,77.58,-22.5,15.4,38.1,1.37,0.69,2.06,90,21,497,16,-1.3,D,1559.6,8,60.076,0,0,128,248.57,-80.37350401,25.75809909,0,0,1,Sfp,54.03429,43,43,21.14291,250,250,250.8032,0,9999.99,999.99,999.99,0,0,31.9,0,31.89999962,0.84,1514.4758,9/25/20,12:00:34,28,1.673,0.84,9.68,7.65,-38.8,462.1,-3.9,-2248,51.8,4.04,12.8,
25.75829651,-80.37294561,20:23.0,9/25/20,0,3.164,84.1,-6.859419304,99.99,82.6,77.77,-22.7,15.4,38.1,1.37,0.69,2.06,90,21,497,16,-1.3,D,1559.6,8,60.076,0,0,128,248.57,-80.37350401,25.75809909,0,0,1,Sup,54.03429,43,43,21.11366,250,250,250.8032,0,9999.99,999.99,999.99,0,0,31.9,0,31.89999962,0.84,1514.47503,9/25/20,12:00:36,28,1.674,0.84,9.668,7.65,-38.7,446.5,-3.3,-1672,52.4,4.08,13.1,
25.75829651,-80.37294561,20:24.1,9/25/20,0,3.164,84.1,-6.859419304,99.99,82.8,77.96,-22.6,15.4,38.1,1.37,0.69,2.05,90,21,497,16,-1.3,D,1559.6,8,60.076,0,0,128,248.57,-80.37350401,25.75809909,0,0,1,Sup,54.03429,43,43,21.09461,250,250,250.8032,0,9999.99,999.99,999.99,0,0,31.9,0,31.89999962,0.84,1514.47503,9/25/20,12:00:36,28,1.674,0.84,9.668,7.65,-38.7,446.5,-3.3,-1672,52.4,4.08,13.1,
25.75829651,-80.37294561,20:25.1,9/25/20,0,3.164,84.1,-6.859419304,99.99,82.4,77.58,-22.6,15.4,38.1,1.37,0.69,2.05,90,21,497,16,-1.3,D,1559.6,8,60.076,0,0,128,248.57,-80.37350401,25.75809909,0,0,1,Sup,54.03429,43,43,21.0489,250,250,250.8032,0,9999.99,999.99,999.99,0,0,31.9,0,31.89999962,0.84,1514.47441,9/25/20,12:00:37,28,1.673,0.84,9.674,7.65,-38.6,421.3,-2.7,-2134,52.6,4.1,13.1,
25.75829651,-80.37294561,20:26.0,9/25/20,0,3.164,84.1,-6.859419304,99.99,82.4,77.58,-22.5,15.4,38.1,1.37,0.69,2.06,90,21,496.9,16,-1.3,D,1564.3,8,60.076,0,0,128,248.57,-80.37350401,25.75809909,0,0,1,Sup,54.03429,43,43,21.19702,250,250,250.8032,0,9999.99,999.99,999.99,0,0,31.9,0,31.89999962,0.84,1514.476,9/25/20,12:00:39,28,1.673,0.84,9.672,7.65,-38.5,400.8,-4.5,-4037,53,4.13,13.1,
25.75829651,-80.37294561,20:27.1,9/25/20,0,3.164,84.1,-6.859419304,99.99,82.3,77.49,-22.5,15.4,38.2,1.39,0.69,2.07,90,21,496.9,16,-1.3,D,1564.3,8,60.076,0,0,128,248.57,-80.37350401,25.75809909,0,0,1,Sup,54.03429,43,43,21.38056,250,250,250.8032,0,9999.99,999.99,999.99,0,0,32,0,31.89999962,0.84,1514.476,9/25/20,12:00:39,28,1.673,0.84,9.672,7.65,-38.5,400.8,-4.5,-4037,53,4.13,13.1,
25.75829651,-80.37294561,20:28.0,9/25/20,0,3.164,84.1,-6.859419304,99.99,82.8,77.96,-22.5,15.4,38.1,1.38,0.69,2.07,90,21,496.9,16,-1.3,D,1564.3,8,60.076,0,0,128,248.57,-80.37350401,25.75809909,0,0,1,Sup,54.03429,43,43,21.25652,250,250,250.8032,0,9999.99,999.99,999.99,0,0,32,0,32,0.84,1514.6937,9/25/20,12:00:40,28,1.672,0.84,9.664,7.64,-38.2,395.8,-2,-2568,53.1,4.14,13.1,
25.75829651,-80.37294561,20:29.1,9/25/20,0,3.164,84.1,-6.859419304,99.99,82.9,78.06,-22.7,15.3,38.2,1.38,0.69,2.07,90,21,496.9,16,-1.3,D,1564.3,8,60.076,0,0,128,248.57,-80.37350401,25.75809909,0,0,1,Sup,54.03429,43,43,21.29407,250,250,250.8032,0,9999.99,999.99,999.99,0,0,32,0,32,0.84,1514.69382,9/25/20,12:00:42,28,1.674,0.84,9.671,7.64,-37.8,415.6,-6,-2099,53.3,4.16,12.9,
25.75829651,-80.37294561,20:30.1,9/25/20,0,3.164,84.1,-6.859419304,99.99,82.5,77.68,-22.6,15.3,38.2,1.39,0.69,2.07,90,21,496.9,16,-1.3,D,1569,8,60.076,0,0,128,248.57,-80.37350401,25.75809909,0,0,1,Sup,54.03429,43,43,21.36573,250,250,250.8032,0,9999.99,999.99,999.99,0,0,32,0,32,0.84,1514.69382,9/25/20,12:00:42,28,1.674,0.84,9.671,7.64,-37.8,415.6,-6,-2099,53.3,4.16,12.9,
25.75829651,-80.37294561,20:31.1,9/25/20,0,3.164,84.1,-6.859419304,99.99,82.4,77.58,-22.6,15.4,38.1,1.39,0.69,2.08,90,21,496.9,16,-1.3,D,1569,8,60.076,0,0,128,248.57,-80.37350401,25.75809909,0,0,1,Sup,54.03429,43,43,21.47971,250,250,250.8032,0,9999.99,999.99,999.99,0,0,31.9,0,31.89999962,0.84,1514.47882,9/25/20,12:00:43,28,1.672,0.84,9.663,7.64,-38,421.2,-7.7,-1810,53.4,4.16,13,
25.75829651,-80.37294561,20:32.0,9/25/20,0,3.164,84.1,-6.859419304,99.99,82.8,77.96,-22.6,15.3,38.1,1.4,0.69,2.08,90,21,496.9,16,-1.3,D,1569,8,60.076,0,0,128,248.57,-80.37350401,25.75809909,0,0,1,Sup,54.03429,43,43,21.53163,250,250,250.8032,0,9999.99,999.99,999.99,0,0,32,0,32,0.84,1514.69648,9/25/20,12:00:45,28.01,1.673,0.84,9.664,7.63,-37.6,411.4,-7.9,-2463,53.6,4.17,13,
25.75829651,-80.37294561,20:33.0,9/25/20,0,3.164,84.1,-6.859419304,99.99,82.5,77.68,-22.6,15.3,38.1,1.45,0.69,2.14,90,21,496.9,16,-1.3,D,1578.5,8,60.076,0,0,128,248.57,-80.37350401,25.75809909,0,0,1,Sup,54.03429,43,43,22.37155,250,250,250.8032,0,9999.99,999.99,999.99,0,0,31.9,0,32,0.84,1514.69648,9/25/20,12:00:45,28.01,1.673,0.84,9.664,7.63,-37.6,411.4,-7.9,-2463,53.6,4.17,13,
25.75829651,-80.37294561,20:34.1,9/25/20,0,3.164,84.1,-6.859419304,99.99,82.5,77.68,-22.6,15.3,38.1,1.48,0.69,2.17,90,21,496.9,16,-1.3,D,1578.5,8,60.076,0,0,104,248.57,-80.37350401,25.75809909,0,0,1,Sup,54.03429,128,128,22.54245,128,128,250.8032,0,9999.99,999.99,999.99,0,0,32,0,32,0.84,1514.71143,9/25/20,12:00:46,28.01,1.673,0.84,9.659,7.63,-37.7,385.1,-5,-3079,53.6,4.18,12.9,
25.75829651,-80.37294561,20:35.0,9/25/20,0,3.164,84.1,-6.859419304,99.99,82.7,77.87,-22.6,15.1,38.2,1.49,0.69,2.18,90,21,496.9,16,-1.3,D,1578.5,8,60.076,0,0,80,248.57,-80.37350401,25.75809909,0,0,1,Sup,54.03429,128,128,22.54245,128,128,250.8032,0,9999.99,999.99,999.99,0,0,32,0,32,0.84,1514.71251,9/25/20,12:00:48,28.01,1.673,0.84,9.655,7.63,-37.4,367.4,-5.1,-3122,53.7,4.18,12.9,
25.75829651,-80.37294561,20:36.1,9/25/20,0,3.164,84.1,-6.859419304,99.99,82.8,77.96,-22.9,14.7,38.1,1.48,0.69,2.16,90,21,496.9,16,-1.3,D,1578.5,8,60.076,0,0,80,248.57,-80.37350401,25.75809909,0,0,1,Sup,54.03429,128,128,22.54245,128,128,250.8032,0,9999.99,999.99,999.99,0,0,32,0,32,0.84,1514.71251,9/25/20,12:00:48,28.01,1.673,0.84,9.655,7.63,-37.4,367.4,-5.1,-3122,53.7,4.18,12.9,
25.75829651,-80.37294561,20:37.1,9/25/20,0,3.164,84.1,-6.859419304,99.99,83.1,78.25,-22.9,14.9,38.2,1.48,0.69,2.16,90,33,496.8,16,-2,D,987.9,8,60.076,0,0,56,248.57,-80.37350401,25.75809909,0,0,1,Sup,54.03429,128,128,22.54245,128,128,250.8032,0,9999.99,999.99,999.99,0,0,32,0,32,0.84,1514.71046,9/25/20,12:00:49,28.01,1.673,0.84,9.661,7.62,-37.1,363.3,0.4,-1419,53.7,4.18,13.1,
25.75829651,-80.37294561,20:38.1,9/25/20,0,3.164,84.1,-6.859419304,99.99,82.1,77.3,-22.6,13.8,38.1,1.47,0.69,2.15,90,33,496.8,16,-2,D,987.9,8,60.076,0,0,56,248.57,-80.37350401,25.75809909,0,0,1,Sup,54.03429,128,128,22.54245,128,128,250.8032,0,9999.99,999.99,999.99,0,0,32,0,32,0.84,1514.70908,9/25/20,12:00:51,28.01,1.675,0.84,9.649,7.62,-37.1,392.7,-5,-2931,53.7,4.18,13.1,
25.75829651,-80.37294561,20:39.0,9/25/20,0,3.164,84.1,-6.859419304,99.99,82.5,77.68,-23,12.3,38.1,1.45,0.69,2.14,90,33,496.8,16,-2,D,987.9,8,60.076,0,0,35,248.57,-80.37350401,25.75809909,0,0,1,Sup,54.03429,128,128,22.54245,128,128,250.8032,0,9999.99,999.99,999.99,0,0,32,0,32,0.84,1514.70908,9/25/20,12:00:51,28.01,1.675,0.84,9.649,7.62,-37.1,392.7,-5,-2931,53.7,4.18,13.1,
25.75829651,-80.37294561,20:40.1,9/25/20,0,3.164,84.1,-6.859419304,99.99,82.1,77.3,-23.2,5.79,38.1,1.43,0.69,2.12,90,33,496.8,16,-2,D,987.9,8,60.076,0,0,35,248.57,-80.37350401,25.75809909,0,0,1,Sup,54.03429,128,128,22.54245,128,128,250.8032,0,9999.99,999.99,999.99,0,0,32,0,32,0.84,1514.70363,9/25/20,12:00:52,28.02,1.676,0.84,9.641,7.62,-37,397.6,-6.2,-3391,53.7,4.18,13,
25.75829651,-80.37294561,20:41.1,9/25/20,0,3.164,84.1,-6.859419304,99.99,81.1,76.34,-23.4,3.41,38.1,1.43,0.69,2.12,90,133,496.8,15.8,-8.3,D,246.5,8,60.076,0,0,128,248.57,-80.37350401,25.75809909,0,0,1,Sup,54.03429,128,128,22.54245,128,128,250.8032,0,5.11,999.99,5.235019,0,0,32,0,32,0.85,1514.71331,9/25/20,12:00:54,28.03,1.696,0.85,9.633,7.62,-36.7,329.1,-1.3,-3448,53.7,4.18,12.9,
25.75829651,-80.37294561,20:42.1,9/25/20,0,3.164,84.1,-6.859419304,99.99,81.3,76.53,-24.7,3.24,38.1,1.43,0.69,2.12,90,133,496.8,15.8,-8.3,D,246.5,8,60.076,0,0,128,248.57,-80.37350401,25.75809909,0,0,1,Sup,54.03429,128,128,22.54245,128,128,250.8032,0,5.04,999.99,5.167941,0,0,32,0,32,0.85,1514.71331,9/25/20,12:00:54,28.03,1.696,0.85,9.633,7.62,-36.7,329.1,-1.3,-3448,53.7,4.18,12.9,
25.75829651,-80.37294561,20:43.1,9/25/20,0,3.164,84.1,-6.859419304,99.99,81,76.25,-25.8,3.14,38,1.41,0.69,2.1,90,133,496.8,15.8,-8.3,D,246.5,8,60.076,0,0,128,248.57,-80.37350401,25.75809909,0,0,1,Sup,54.03429,128,128,22.54245,128,128,250.8032,0,5.08,999.99,5.208161,0,0,32,0,32,0.86,1514.72126,9/25/20,12:00:55,28.03,1.715,0.86,9.629,7.61,-36.6,336.6,-1.9,-1274,53.7,4.18,13.1,
25.75829651,-80.37294561,20:44.1,9/25/20,0,3.164,84.1,-6.859419304,99.99,81.2,76.44,-26.7,3.14,38.1,1.41,0.69,2.1,90,22,496.7,16,-1.3,D,1492.5,8,60.076,0,0,128,248.57,-80.37350401,25.75809909,0,0,1,Sup,54.03429,128,128,22.54245,128,128,250.8032,0,5.13,999.99,5.260571,0,0,31.9,0,31.89999962,0.86,1514.50315,9/25/20,12:00:57,28.03,1.715,0.86,9.603,7.61,-36.4,253.8,-2.1,-5504,53.7,4.18,13.2,
25.75829651,-80.37294561,20:45.0,9/25/20,0,3.164,84.1,-6.859419304,99.99,80.9,76.15,-26.8,3.28,38.1,1.4,0.69,2.09,90,22,496.7,16,-1.3,D,1492.5,8,60.076,0,0,128,248.57,-80.37350401,25.75809909,0,0,1,Sup,54.03429,128,128,22.54245,128,128,250.8032,0,4.99,999.99,5.117292,0,0,31.9,0,31.89999962,0.86,1514.50315,9/25/20,12:00:57,28.03,1.715,0.86,9.603,7.61,-36.4,253.8,-2.1,-5504,53.7,4.18,13.2,
25.75829651,-80.37294561,20:46.1,9/25/20,0,3.164,84.1,-6.859419304,99.99,81.1,76.34,-26.5,3.28,38,1.39,0.69,2.08,90,22,496.7,16,-1.3,D,1492.5,8,60.076,0,0,128,248.57,-80.37350401,25.75809909,0,0,1,Sup,54.03429,128,128,22.54245,128,128,250.8032,0,9999.99,999.99,999.99,0,0,31.9,0,31.89999962,0.86,1514.49904,9/25/20,12:00:58,28.03,1.715,0.86,9.61,7.61,-36.1,445.9,-1.8,-3746,53.7,4.18,13,
25.75829651,-80.37294561,20:47.0,9/25/20,0,3.164,84.1,-6.859419304,99.99,81.2,76.44,-26,3.14,38,1.41,0.69,2.09,90,22,496.7,16,-1.3,D,1492.5,8,60.076,0,0,128,248.57,-80.37350401,25.75809909,0,0,1,Sup,54.03429,128,128,22.54245,128,128,250.8032,0,0.68,999.99,0.8073068,0,0,31.9,0,31.89999962,0.86,1514.50172,9/25/20,12:01:00,28.03,1.715,0.86,9.599,7.6,-35.6,390,-2.7,-2810,53.9,4.2,13.1,
25.75829651,-80.37294561,20:48.1,9/25/20,0,3.164,84.1,-6.859419304,99.99,81,76.25,-25.8,3.15,38,1.41,0.69,2.1,90,21,496.7,16,-1.3,D,1535.7,8,60.076,0,0,104,248.57,-80.37350401,25.75809909,0,0,1,Sup,54.03429,128,128,22.54245,128,128,250.8032,0,9999.99,999.99,999.99,0,0,31.8,0,31.89999962,0.86,1514.50172,9/25/20,12:01:00,28.03,1.715,0.86,9.599,7.6,-35.6,390,-2.7,-2810,53.9,4.2,13.1,
25.75829651,-80.37294561,20:49.1,9/25/20,0,3.164,84.1,-6.859419304,99.99,81.5,76.72,-25.7,3.19,38.1,1.41,0.69,2.1,90,21,496.7,16,-1.3,D,1535.7,8,60.076,0,0,80,248.57,-80.37350401,25.75809909,0,0,1,Sup,54.03429,128,128,22.54245,128,128,250.8032,0,9999.99,999.99,999.99,0,0,31.8,0,31.79999924,0.86,1514.28553,9/25/20,12:01:01,28.03,1.715,0.86,9.603,7.6,-35.8,382.9,-0.3,-3570,54,4.2,13,
25.75829651,-80.37294561,20:50.1,9/25/20,0,3.164,84.1,-6.859419304,99.99,81.9,77.11,-26,2.77,38.1,1.4,0.69,2.09,90,21,496.7,16,-1.3,D,1535.7,8,60.076,0,0,80,248.57,-80.37350401,25.75809909,0,0,1,Sup,54.03429,128,128,22.54245,128,128,250.8032,0,9999.99,999.99,999.99,0,0,31.7,0,31.70000076,0.86,1514.06623,9/25/20,12:01:03,28.03,1.715,0.86,9.611,7.59,-35.3,527.6,-5.3,-3833,54.1,4.22,13,
25.75829651,-80.37294561,20:51.0,9/25/20,0,3.164,84.1,-6.859419304,99.99,81.7,76.91,-25.8,2.15,38.1,1.41,0.69,2.1,90,35,496.7,16,-2.2,D,937.9,8,60.076,0,0,56,248.57,-80.37350401,25.75809909,0,0,1,Sup,54.03429,128,128,22.54245,128,128,250.8032,0,9999.99,999.99,999.99,0,0,31.7,0,31.70000076,0.86,1514.06623,9/25/20,12:01:03,28.03,1.715,0.86,9.611,7.59,-35.3,527.6,-5.3,-3833,54.1,4.22,13,
25.75829651,-80.37294561,20:52.0,9/25/20,0,3.164,84.1,-6.859419304,99.99,80.6,75.87,-25.6,1.41,38,1.4,0.69,2.09,90,35,496.7,16,-2.2,D,937.9,8,60.076,0,0,56,248.57,-80.37350401,25.75809909,0,0,1,Sup,54.03429,128,128,22.54245,128,128,250.8032,0,9999.99,999.99,999.99,0,0,31.7,0,31.70000076,0.86,1514.06668,9/25/20,12:01:04,28.03,1.715,0.86,9.608,7.59,-34.9,526.9,-6.2,-4604,54.2,4.22,13.1,
25.75829651,-80.37294561,20:53.1,9/25/20,0,3.164,84.1,-6.859419304,99.99,80.8,76.06,-26.4,-1.62,37.9,1.39,0.69,2.08,90,35,496.7,16,-2.2,D,937.9,8,60.076,0,0,35,248.57,-80.37350401,25.75809909,0,0,1,Sup,54.03429,128,128,22.54245,128,128,250.8032,0,9999.99,999.99,999.99,0,0,31.6,0,31.60000038,0.86,1513.84477,9/25/20,12:01:06,28.02,1.719,0.86,9.597,7.58,-34.7,421.9,-0.3,-2542,54.4,4.24,12.9,
25.75829651,-80.37294561,20:54.0,9/25/20,0,3.164,84.1,-6.859419304,99.99,81.3,76.53,-27.7,-7.32,38,1.35,0.69,2.04,90,35,496.7,16,-2.2,D,937.9,8,60.076,0,0,35,248.57,-80.37350401,25.75809909,0,0,1,Sup,54.03429,128,128,22.54245,128,128,250.8032,0,0.29,999.99,0.4128726,0,0,31.6,0,31.60000038,0.86,1513.84477,9/25/20,12:01:06,28.02,1.719,0.86,9.597,7.58,-34.7,421.9,-0.3,-2542,54.4,4.24,12.9,
25.75829651,-80.37294561,20:55.1,9/25/20,0,3.164,84.1,-6.859419304,99.99,79.6,74.91,-27.4,-4.18,38.1,1.29,0.69,1.98,90,127,496.6,15.9,-8,D,258,8,60.076,0,0,128,248.57,-80.37350401,25.75809909,0,0,1,Sup,54.03429,128,128,22.54245,128,128,250.8032,0,0.33,999.99,0.4594763,0,0,31.6,0,31.60000038,1.25,1514.22403,9/25/20,12:01:08,27.96,2.45,1.25,9.226,7.51,-30.5,151.1,-1.4,-2857,54.3,4.23,13.1,
25.75829651,-80.37294561,20:56.1,9/25/20,0,3.164,84.1,-6.859419304,99.99,78.8,74.15,-26.1,0.96,38,1.21,0.69,1.9,90,127,496.6,15.9,-8,D,258,8,60.076,0,0,128,248.57,-80.37350401,25.75809909,0,0,1,Sup,54.03429,128,128,22.54245,128,128,250.8032,0,9999.99,999.99,999.99,2,9,31.6,0,31.60000038,1.25,1514.22403,9/25/20,12:01:08,27.96,2.45,1.25,9.226,7.51,-30.5,151.1,-1.4,-2857,54.3,4.23,13.1,
25.75829651,-80.37294561,20:57.1,9/25/20,0,3.164,84.1,-6.859419304,99.99,80.6,75.87,-21.3,-1.05,38.1,1.08,0.58,1.66,90,127,496.6,15.9,-8,D,258,8,60.076,0,0,128,248.57,-80.37350401,25.75809909,0,0,1,Sup,54.03429,128,128,22.54245,128,128,250.8032,0,4.88,0.37,5.380838,0,0,31.6,0,31.60000038,0.87,1513.80853,9/25/20,12:01:09,27.94,1.728,0.87,8.698,7.67,-40.1,55.9,-1.5,-1805,54.1,4.22,13.1,
25.75829651,-80.37294561,20:58.0,9/25/20,0,3.164,84.1,-6.859419304,99.99,83.5,78.63,-15.7,-1.58,38.1,0.94,0.62,1.56,90,21,496.6,16,-1.3,D,1520.6,8,60.076,0,0,128,248.57,-80.37350401,25.75809909,0,0,1,Sup,54.03429,128,128,22.54245,128,128,250.8032,0,4.6,0.45,5.182045,0,0,31.6,0,31.60000038,0.86,1513.76781,9/25/20,12:01:11,27.89,1.719,0.86,7.337,7.74,-43.8,1303.6,-1.9,4685,53.7,4.19,13,
25.75829651,-80.37294561,20:59.1,9/25/20,0,3.164,84.1,-6.859419304,99.99,86.3,81.28,-9.8,-1.58,38,0.81,0.73,1.54,90,21,496.6,16,-1.3,D,1520.6,8,60.076,0,0,128,248.57,-80.37350401,25.75809909,0,0,1,Sup,54.03429,128,128,22.54245,128,128,250.8032,0,4.5,0.61,5.240498,0,0,31.5,0,31.60000038,0.86,1513.76781,9/25/20,12:01:11,27.89,1.719,0.86,7.337,7.74,-43.8,1303.6,-1.9,4685,53.7,4.19,13,
25.75829651,-80.37294561,21:00.1,9/25/20,0,3.164,84.1,-6.859419304,99.99,88.2,83.08,-4.37,-1.78,38,0.7,0.73,1.43,90,21,496.6,16,-1.3,D,1520.6,8,60.076,0,0,128,248.57,-80.37350401,25.75809909,0,0,1,Sup,54.03429,128,128,22.54245,128,128,250.8032,0,4.22,0.61,4.960619,0,0,31.5,0,31.5,0.87,1513.51811,9/25/20,12:01:12,27.85,1.722,0.87,6.618,7.75,-44.6,1303.2,-6.2,1331,53.8,4.2,13,
25.75829651,-80.37294561,21:01.1,9/25/20,0,3.164,84.1,-6.859419304,99.99,89.6,84.4,-0.2,-1.78,38,0.59,0.98,1.57,90,21,496.6,16,-1.3,D,1520.6,8,60.076,0,0,128,248.57,-80.37350401,25.75809909,0,0,1,Sup,54.03429,128,128,22.54245,128,128,250.8032,0,1.37,0.96,2.457,2,9,31.4,0,31.39999962,0.86,1513.26521,9/25/20,12:01:14,27.76,1.718,0.86,5.348,7.77,-45.9,1307,-4.4,2533,54.3,4.25,12.8,
25.75829651,-80.37294561,21:02.1,9/25/20,0,3.164,84.1,-6.859419304,99.99,91.9,86.57,1.94,-3.26,38,0.48,1.07,1.55,90,22,496.6,16,-1.3,D,1481.4,8,60.076,0,0,104,248.57,-80.37350401,25.75809909,0,0,1,Sup,54.03429,128,128,22.54245,128,128,250.8032,0,1.25,1.08,2.457,2,9,31.4,0,31.39999962,0.86,1513.26521,9/25/20,12:01:14,27.76,1.718,0.86,5.348,7.77,-45.9,1307,-4.4,2533,54.3,4.25,12.8,
25.75829651,-80.37294561,21:03.1,9/25/20,0,3.164,84.1,-6.859419304,99.99,94.6,89.1,3.71,-1.85,38,0.38,1.19,1.57,90,22,496.6,16,-1.3,D,1481.4,8,60.076,0,0,104,248.57,-80.37350401,25.75809909,0,0,1,Sup,54.03429,128,128,22.54245,128,128,250.8032,0,1.11,1.21,2.447,0,0,31.4,0,31.39999962,0.85,1513.22093,9/25/20,12:01:15,27.73,1.696,0.85,4.877,7.79,-46.9,1299,-1.5,1352,54.8,4.29,13,
25.75829651,-80.37294561,21:04.0,9/25/20,0,3.164,84.1,-6.859419304,99.99,97.5,91.82,5.47,-4.81,37.9,0.3,1.37,1.67,90,22,496.6,16,-1.3,D,1481.4,8,60.076,0,0,80,248.57,-80.37350401,25.75809909,0,0,1,Sup,54.03429,128,128,22.54245,128,128,250.8032,0,1.02,1.41,2.557,2,9,31.3,0,31.29999924,0.85,1512.98122,9/25/20,12:01:17,27.7,1.701,0.85,4.1,7.82,-48.6,1243.8,0.8,1046,55.7,4.36,13.1,
25.75829651,-80.37294561,21:05.1,9/25/20,0,3.164,84.1,-6.859419304,99.99,100.8,94.89,10,-4.1,37.9,0.23,1.48,1.71,90,22,496.6,16,-1.3,D,1481.4,8,60.076,0,0,56,248.57,-80.37350401,25.75809909,0,0,1,Sup,54.03429,128,128,22.54245,128,128,250.8032,0,0.89,1.54,2.557,2,9,31.3,0,31.29999924,0.85,1512.98122,9/25/20,12:01:17,27.7,1.701,0.85,4.1,7.82,-48.6,1243.8,0.8,1046,55.7,4.36,13.1,
25.75829651,-80.37294561,21:06.0,9/25/20,0,3.164,84.1,-6.859419304,99.99,103.5,97.41,15.3,-7.33,37.9,0.2,1.4,1.6,90,36,496.5,16,-2.2,D,916.7,8,60.076,0,0,56,248.57,-80.37350401,25.75809909,0,0,1,Sup,54.03429,128,128,22.54245,128,128,250.8032,0,0.83,1.5,2.456576,2,9,31.3,0,31.29999924,0.87,1512.98458,9/25/20,12:01:18,27.69,1.727,0.87,3.754,7.84,-50,1243.8,-0.2,3111,56.2,4.4,12.9,
25.75829651,-80.37294561,21:07.1,9/25/20,0,3.164,84.1,-6.859419304,99.99,107.2,100.84,22.2,-6.84,38,0.24,1.39,1.63,90,36,496.5,16,-2.2,D,916.7,8,60.076,0,0,35,248.57,-80.37350401,25.75809909,0,0,1,Sup,54.03429,128,128,22.54245,128,128,250.8032,0,9999.99,1.55,1.672779,2,9,31.3,0,31.29999924,0.87,1512.99067,9/25/20,12:01:20,27.73,1.734,0.87,3.556,7.9,-53.4,1192.5,-5.8,-281,57.3,4.49,13,
25.75829651,-80.37294561,21:08.1,9/25/20,0,3.164,84.1,-6.859419304,99.99,114.1,107.23,30.2,-9.4,37.9,0.4,1.3,1.7,90,36,496.5,16,-2.2,D,916.7,8,60.076,0,0,35,248.57,-80.37350401,25.75809909,0,0,1,Sup,54.03429,128,128,22.54245,128,128,250.8032,0,3.33,1.51,4.970984,2,9,31.3,0,31.29999924,0.87,1512.99067,9/25/20,12:01:20,27.73,1.734,0.87,3.556,7.9,-53.4,1192.5,-5.8,-281,57.3,4.49,13,
25.75829651,-80.37294561,21:09.1,9/25/20,0,3.164,84.1,-6.859419304,99.99,119.8,112.5,37.4,-6.78,38,0.63,1.01,1.64,90,113,496.5,15.9,-7.1,D,289.9,8,60.076,0,0,128,248.57,-80.37350401,25.75809909,0,0,1,Sup,54.03429,128,128,22.54245,128,128,250.8032,0,0.83,1.28,2.23685,2,9,31.2,0,31.20000076,0.87,1512.81998,9/25/20,12:01:21,27.76,1.731,0.87,4.08,7.93,-55.3,995.4,-2.2,-744,58,4.53,13.1,
25.75829651,-80.37294561,21:10.1,9/25/20,0,3.164,84.1,-6.859419304,99.99,131.8,123.62,33,-2.04,37.9,1.1,0.46,1.56,90,113,496.5,15.9,-7.1,D,289.9,8,60.076,0,0,128,248.57,-80.37350401,25.75809909,0,0,1,Sup,54.03429,128,128,22.54245,128,128,250.8032,0,3.58,0.79,4.499083,2,9,31.2,0,31.20000076,0.87,1512.91157,9/25/20,12:01:23,27.75,1.728,0.87,6.555,7.96,-57.1,995.3,-2.6,-2873,59.4,4.65,13,
25.75829651,-80.37294561,21:11.1,9/25/20,0,3.164,84.1,-6.859419304,99.99,135,126.6,32.5,0.33,37.9,1.18,0.37,1.56,90,113,496.5,15.9,-7.1,D,289.9,8,60.076,0,0,128,248.57,-80.37350401,25.75809909,0,0,1,Sup,54.03429,128,128,22.54245,128,128,250.8032,0,4.11,0.65,4.890126,0,0,31.2,0,31.20000076,0.87,1512.91157,9/25/20,12:01:23,27.75,1.728,0.87,6.555,7.96,-57.1,995.3,-2.6,-2873,59.4,4.65,13,
25.75829651,-80.37294561,21:12.1,9/25/20,0,3.164,84.1,-6.859419304,99.99,136.4,127.91,31.5,1.12,37.9,1.18,0.31,1.49,90,113,496.5,15.9,-7.1,D,289.9,8,60.076,0,0,128,248.57,-80.37350401,25.75809909,0,0,1,Sup,54.03429,128,128,22.54245,128,128,250.8032,0,4.14,0.58,4.853577,2,9,31.2,0,31.20000076,0.87,1512.9361,9/25/20,12:01:24,27.71,1.728,0.87,6.57,7.82,-48.8,995.1,-1.5,-2090,60.3,4.72,13,
25.75829651,-80.37294561,21:13.1,9/25/20,0,3.164,84.1,-6.859419304,99.99,135.6,127.16,31.2,0.34,37.9,1.18,0.3,1.48,90,21,496.5,16,-1.3,D,1512.4,8,60.076,0,0,128,248.57,-80.37350401,25.75809909,0,0,1,Sup,54.03429,128,128,22.54245,128,128,250.8032,0,4.16,0.56,4.847709,2,9,31.1,0,31.10000038,0.87,1512.71466,9/25/20,12:01:26,27.65,1.73,0.87,6.68,7.74,-44.2,994.7,-2,-999,62.2,4.87,12.9,
25.75829651,-80.37294561,21:14.2,9/25/20,0,3.164,84.1,-6.859419304,99.99,134.4,126.04,31.3,-0.64,37.9,1.18,0.29,1.47,90,21,496.5,16,-1.3,D,1512.4,8,60.076,0,0,128,248.57,-80.37350401,25.75809909,0,0,1,Sup,54.03429,128,128,22.54245,128,128,250.8032,0,4.14,0.56,4.822949,0,0,31.1,0,31.10000038,0.87,1512.71466,9/25/20,12:01:26,27.65,1.73,0.87,6.68,7.74,-44.2,994.7,-2,-999,62.2,4.87,12.9,
25.75829651,-80.37294561,21:15.2,9/25/20,0,3.164,84.1,-6.859419304,99.99,132.4,124.18,32.1,-1.96,37.9,1.18,0.29,1.46,90,21,496.5,16,-1.3,D,1512.4,8,60.076,0,0,128,248.57,-80.37350401,25.75809909,0,0,1,Sup,54.03429,128,128,22.54245,128,128,250.8032,0,4.12,0.55,4.799001,0,0,31.1,0,31.10000038,0.87,1512.71394,9/25/20,12:01:27,27.64,1.73,0.87,6.679,7.73,-43.3,994.6,-1.3,-1848,63.2,4.95,13,
25.75829651,-80.37294561,21:16.2,9/25/20,0,3.164,84.1,-6.859419304,99.99,131.4,123.25,33.2,-3.21,37.9,1.16,0.29,1.45,90,22,496.4,16,-1.3,D,1499.1,8,60.076,0,0,104,248.57,-80.37350401,25.75809909,0,0,1,Sup,54.03429,128,128,22.54245,128,128,250.8032,0,4.05,0.56,4.738635,0,0,31.1,0,31.10000038,0.87,1512.71175,9/25/20,12:01:29,27.61,1.729,0.87,6.568,7.7,-41.6,994.4,-3.8,-2837,65.2,5.11,13,
25.75829651,-80.37294561,21:17.2,9/25/20,0,3.164,84.1,-6.859419304,99.99,130.6,122.51,34.1,-3.67,37.9,1.15,0.36,1.51,90,22,496.4,16,-1.3,D,1499.1,8,60.076,0,0,80,248.57,-80.37350401,25.75809909,0,0,1,Sup,54.03429,128,128,22.54245,128,128,250.8032,0,4.04,0.64,4.81044,2,9,31.1,0,31.10000038,0.87,1512.71175,9/25/20,12:01:29,27.61,1.729,0.87,6.568,7.7,-41.6,994.4,-3.8,-2837,65.2,5.11,13,
25.75829651,-80.37294561,21:18.2,9/25/20,0,3.164,84.1,-6.859419304,99.99,129.8,121.76,35.5,-4.29,37.9,1.12,0.39,1.51,90,22,496.4,16,-1.3,D,1499.1,8,60.076,0,0,80,248.57,-80.37350401,25.75809909,0,0,1,Sup,54.03429,128,128,22.54245,128,128,250.8032,0,4.01,0.68,4.817274,0,0,31.1,0,31.10000038,0.87,1512.70602,9/25/20,12:01:30,27.6,1.73,0.87,6.505,7.69,-41.1,994.3,-5.7,-3841,66.1,5.19,12.8,
25.75829651,-80.37294561,21:19.2,9/25/20,0,3.164,84.1,-6.859419304,99.99,129.3,121.3,37,-4.15,38,1.11,0.38,1.49,90,22,496.4,16,-1.3,D,1499.1,8,60.076,0,0,56,248.57,-80.37350401,25.75809909,0,0,1,Sup,54.03429,128,128,22.54245,128,128,250.8032,0,0.99,0.68,1.795797,0,0,31,0,31,0.87,1512.47817,9/25/20,12:01:32,27.59,1.729,0.87,6.366,7.67,-40.1,497.3,-7.6,-2798,67.8,5.32,13.1,
25.75829651,-80.37294561,21:20.2,9/25/20,0,3.164,84.1,-6.859419304,99.99,129.7,121.67,37.8,-3.71,38,1.12,0.39,1.51,90,119,496.4,15.9,-7.5,D,274.8,8,60.076,0,0,56,248.57,-80.37350401,25.75809909,0,0,1,Sup,54.03429,128,128,22.54245,128,128,250.8032,0,9999.99,0.7,0.8254287,2,9,31.1,0,31,0.87,1512.47817,9/25/20,12:01:32,27.59,1.729,0.87,6.366,7.67,-40.1,497.3,-7.6,-2798,67.8,5.32,13.1,
25.75829651,-80.37294561,21:21.3,9/25/20,0,3.164,84.1,-6.859419304,99.99,129.8,121.76,37.6,-3.47,38,1.1,0.41,1.51,90,119,496.4,15.9,-7.5,D,274.8,8,60.076,0,0,35,248.57,-80.37350401,25.75809909,0,0,1,Sup,54.03429,128,128,22.54245,128,128,250.8032,0,9999.99,0.73,0.8525161,2,9,31.1,0,31.10000038,0.87,1512.70276,9/25/20,12:01:33,27.6,1.73,0.87,6.272,7.67,-39.6,487.8,-5,-4782,68.5,5.37,13,
25.75829651,-80.37294561,21:22.2,9/25/20,0,3.164,84.1,-6.859419304,99.99,129.9,121.86,35.9,-2.73,37.9,1.08,0.44,1.52,90,119,496.4,15.9,-7.5,D,274.8,8,60.076,0,0,35,248.57,-80.37350401,25.75809909,0,0,1,Sup,54.03429,128,128,22.54245,128,128,250.8032,0,9999.99,0.75,0.8784571,0,0,31,0,31,0.87,1512.47497,9/25/20,12:01:35,27.61,1.729,0.87,6.043,7.66,-39.4,544.7,-5.1,-2597,69.7,5.47,13,
25.75829651,-80.37294561,21:23.3,9/25/20,0,3.164,84.1,-6.859419304,99.99,129.9,121.86,33.1,-3.12,37.9,1.03,0.49,1.52,90,21,496.3,16,-1.3,D,1558.8,8,60.076,0,0,128,248.57,-80.37350401,25.75809909,0,0,1,Sup,54.03429,128,128,22.54245,128,128,250.8032,0,9999.99,0.79,0.9146484,0,0,31,0,31,0.87,1512.47497,9/25/20,12:01:35,27.61,1.729,0.87,6.043,7.66,-39.4,544.7,-5.1,-2597,69.7,5.47,13,
25.75829651,-80.37294561,21:24.3,9/25/20,0,3.164,84.1,-6.859419304,99.99,129,121.02,28.5,-3.52,37.9,0.96,0.55,1.51,90,21,496.3,16,-1.3,D,1558.8,8,60.076,0,0,128,248.57,-80.37350401,25.75809909,0,0,1,Sup,54.03429,128,128,22.54245,128,128,250.8032,0,1.55,0.82,2.496543,0,0,31,0,31,0.87,1512.46026,9/25/20,12:01:36,27.6,1.731,0.87,5.949,7.66,-39.3,379.2,-4.6,-1302,70.3,5.51,13,
25.75829651,-80.37294561,21:25.3,9/25/20,0,3.164,84.1,-6.859419304,99.99,128.8,120.84,22.3,-3.45,37.9,0.88,0.61,1.5,90,21,496.3,16,-1.3,D,1558.8,8,60.076,0,0,128,248.57,-80.37350401,25.75809909,0,0,1,Sup,54.03429,128,128,22.54245,128,128,250.8032,0,1.99,0.85,2.963443,0,0,31,0,31,0.87,1512.4434,9/25/20,12:01:38,27.6,1.73,0.87,5.725,7.66,-39,281.3,-3,-3897,71.2,5.58,12.9,
25.75829651,-80.37294561,21:26.3,9/25/20,0,3.164,84.1,-6.859419304,99.99,128.3,120.37,15.8,-3.46,37.9,0.8,0.7,1.5,90,21,496.3,16,-1.3,D,1558.8,8,60.076,0,0,128,248.57,-80.37350401,25.75809909,0,0,1,Sup,54.03429,128,128,22.54245,128,128,250.8032,0,9999.99,0.88,1.0099,2,9,31,0,31,0.87,1512.4434,9/25/20,12:01:38,27.6,1.73,0.87,5.725,7.66,-39,281.3,-3,-3897,71.2,5.58,12.9,
25.75829651,-80.37294561,21:27.3,9/25/20,0,3.164,84.1,-6.859419304,99.99,128.1,120.19,9.7,-3,37.9,0.71,0.78,1.49,90,21,496.3,16,-1.3,D,1554.1,8,60.076,0,0,128,248.57,-80.37350401,25.75809909,0,0,1,Sup,54.03429,128,128,22.54245,128,128,250.8032,0,9999.99,0.91,1.034279,0,0,31,0,31,0.87,1512.41766,9/25/20,12:01:39,27.6,1.729,0.87,5.64,7.65,-38.7,166.2,-2.5,-3819,71.6,5.62,13.1,
25.75829651,-80.37294561,21:28.3,9/25/20,0,3.164,84.1,-6.859419304,99.99,127.6,119.72,4.27,-2.85,37.9,0.62,0.88,1.5,90,21,496.3,16,-1.3,D,1554.1,8,60.076,0,0,128,248.57,-80.37350401,25.75809909,0,0,1,Sup,54.03429,128,128,22.54245,128,128,250.8032,0,1.37,0.96,2.457,2,9,31,0,31,0.87,1512.39899,9/25/20,12:01:41,27.6,1.73,0.87,5.439,7.65,-38.8,76,-4.3,-2003,72.7,5.7,13.1,
25.75829651,-80.37294561,21:29.3,9/25/20,0,3.164,84.1,-6.859419304,99.99,127.3,119.45,0.89,-2.96,37.9,0.53,0.94,1.47,90,21,496.3,16,-1.3,D,1554.1,8,60.076,0,0,128,248.57,-80.37350401,25.75809909,0,0,1,Sup,54.03429,128,128,22.54245,128,128,250.8032,0,1.33,0.97,2.427,0,0,31,0,31,0.87,1512.39899,9/25/20,12:01:41,27.6,1.73,0.87,5.439,7.65,-38.8,76,-4.3,-2003,72.7,5.7,13.1,
25.75825478,-80.37287851,21:30.3,9/25/20,0,3.164,84.1,-6.859419304,99.99,127.4,119.54,-1.06,-2.78,37.9,0.43,1.02,1.45,90,21,496.3,16,-1.3,D,1558.8,8,64.99,0,0.28,128,254.55,-80.37350401,25.75809909,0,0,1,Sup,61.08259,51,51,11,250,250,256.5662,0,1.27,1.03,2.427,0,0,31,0,31,0.87,1512.3705,9/25/20,12:01:42,27.59,1.729,0.87,5.266,7.66,-39.1,17.6,-2.7,-2102,73.2,5.75,13,
25.75825545,-80.37287636,21:31.3,9/25/20,0,3.164,84.1,-6.859419304,99.99,128.9,120.93,-2.03,-2.41,37.9,0.32,1.11,1.43,90,21,496.3,16,-1.3,D,1558.8,8,65.218,0,0.48,128,254.54,-80.37350401,25.75809909,0,0,1,Sup,61.28123,45,45,11,250,250,256.5625,0,1.18,1.1,2.407,2,9,31,0,31,0.87,1512.3447,9/25/20,12:01:44,27.59,1.729,0.87,4.749,7.66,-39.5,38.6,-8.4,-3990,74.3,5.83,13,
25.75825562,-80.37287476,21:32.3,9/25/20,0,3.164,84.1,-6.859419304,99.99,131.6,123.44,-2.44,-2.45,37.9,0.25,1.25,1.5,90,21,496.3,16,-1.3,D,1558.8,8,65.377,0,0.3,128,254.56,-80.37350401,25.75809909,0,0,1,Sup,61.44666,43,43,11,250,250,256.5744,0,1.09,1.23,2.447,2,9,31,0,31,0.87,1512.3447,9/25/20,12:01:44,27.59,1.729,0.87,4.749,7.66,-39.5,38.6,-8.4,-3990,74.3,5.83,13,
25.75825537,-80.37287396,21:33.3,9/25/20,0,3.164,84.1,-6.859419304,99.99,134,125.67,-2.03,-2.45,37.9,0.17,1.41,1.58,90,21,496.3,16,-1.3,D,1558.8,8,65.446,0,0.15,128,254.6,-80.37350401,25.75809909,0,0,1,Sup,61.53725,45,45,11,250,250,256.6127,0,0.98,1.39,2.497,2,9,31,0,31,0.87,1512.32235,9/25/20,12:01:45,27.59,1.726,0.87,4.442,7.67,-39.8,55.7,-1.6,-1246,74.9,5.88,13.1,
25.75825504,-80.37287336,21:34.3,9/25/20,0,3.164,84.1,-6.859419304,99.99,136.8,128.28,-1.76,-2.21,37.9,0.09,1.43,1.51,90,20,496.2,16,-1.2,D,1606,8,65.495,0,0.14,128,254.65,-80.37350401,25.75809909,0,0,1,Sup,61.6012,46,46,11,250,250,256.6553,0,0.84,1.41,2.377,2,9,31,0,31,0.87,1512.30303,9/25/20,12:01:47,27.62,1.729,0.87,3.75,7.67,-40.1,44.5,-3.9,-1950,76.1,5.97,13,
25.75825463,-80.3728729,21:35.3,9/25/20,0,3.164,84.1,-6.859419304,99.99,138.3,129.68,-1.64,-2.33,37.9,0.01,1.58,1.59,90,20,496.2,16,-1.2,D,1606,8,65.527,0,0.13,128,254.7,-80.37350401,25.75809909,0,0,1,Sup,61.65255,47,47,11,250,250,256.702,0,0.69,1.56,2.377,2,9,31,0,31,0.87,1512.30303,9/25/20,12:01:47,27.62,1.729,0.87,3.75,7.67,-40.1,44.5,-3.9,-1950,76.1,5.97,13,
25.75825402,-80.37287238,21:36.3,9/25/20,0,3.164,84.1,-6.859419304,99.99,138.5,129.87,-2.05,-2.33,37.9,0,1.65,1.65,90,20,496.2,16,-1.2,D,1606,8,65.56,0,0.17,128,254.76,-80.37350401,25.75809909,0,0,1,Sup,61.70789,45,45,11,250,250,256.7649,0,0.59,1.63,2.347,2,9,31,0,31,0.87,1512.28439,9/25/20,12:01:48,27.69,1.725,0.87,3.425,7.68,-40.2,39.1,-2.2,-2319,76.6,6,13.1,
25.75825336,-80.37287189,21:37.3,9/25/20,0,3.164,84.1,-6.859419304,99.99,137.1,128.56,-2.33,-2.33,37.9,0,1.76,1.76,90,20,496.2,16,-1.2,D,1603.4,8,65.587,0,0.17,128,254.84,-80.37350401,25.75809909,0,0,1,Sup,61.76305,43,43,11,250,250,256.8364,0,0.53,1.74,2.397,0,0,30.9,0,30.89999962,0.87,1512.06027,9/25/20,12:01:50,27.79,1.722,0.87,2.797,7.67,-40.1,64.5,-4.9,-4218,77.6,6.07,12.9,
25.75825283,-80.37287182,21:38.3,9/25/20,0,3.164,84.1,-6.859419304,99.99,134.5,126.14,-2.22,-2.33,37.8,0,1.87,1.87,90,20,496.2,16,-1.2,D,1603.4,8,65.579,0,0.11,128,254.89,-80.37350401,25.75809909,0,0,1,Sup,61.77996,44,44,11,250,250,256.8893,0,0.48,1.85,2.457,2,9,31,0,30.89999962,0.87,1512.06027,9/25/20,12:01:50,27.79,1.722,0.87,2.797,7.67,-40.1,64.5,-4.9,-4218,77.6,6.07,12.9,
25.75825239,-80.37287148,21:39.3,9/25/20,0,3.164,84.1,-6.859419304,99.99,131.9,123.72,-1.78,-2.58,37.9,0,1.95,1.95,90,20,496.2,16,-1.2,D,1603.4,8,65.6,0,0.11,128,254.94,-80.37350401,25.75809909,0,0,1,Sup,61.81453,46,46,11,250,250,256.9369,0,0.37,1.93,2.427,2,9,30.9,0,30.89999962,0.86,1512.04998,9/25/20,12:01:51,27.82,1.721,0.86,2.46,7.68,-40.4,68.8,-3,-3285,78.1,6.11,13.1,
25.75825215,-80.37287127,21:40.3,9/25/20,0,3.164,84.1,-6.859419304,99.99,130.9,122.79,-1.08,-2.96,37.8,0,2.16,2.16,90,20,496.2,16,-1.2,D,1603.4,8,65.613,0,0.07,128,254.97,-80.37350401,25.75809909,0,0,1,Sup,61.83946,51,51,11,250,250,256.9647,0,9999.99,2.14,2.267,2,9,30.9,0,30.89999962,0.86,1512.04998,9/25/20,12:01:53,27.93,1.717,0.86,1.741,7.68,-40.6,120.3,-8.9,-3104,79.2,6.18,13.1,
25.75825194,-80.37287101,21:41.3,9/25/20,0,3.164,84.1,-6.859419304,99.99,130.2,122.14,-0.98,-4.53,37.9,0,2.28,2.28,90,20,496.2,16,-1.2,D,1603.3,8,65.632,0,0.07,128,254.99,-80.37350401,25.75809909,0,0,1,Sup,61.86668,51,51,11,250,250,256.9893,0,0.62,2.27,3.017,2,9,30.9,0,30.89999962,0.86,1512.04998,9/25/20,12:01:53,27.93,1.717,0.86,1.741,7.68,-40.6,120.3,-8.9,-3104,79.2,6.18,13.1,
25.75825171,-80.3728711,21:42.3,9/25/20,3,3.164,84.1,-6.859419304,2.53,129.4,121.39,0.44,-4.69,37.8,0,2.35,2.35,90,20,496.2,16,-1.2,D,1603.3,8,65.617,0,0.05,128,255.01,-80.37350401,25.75809909,0,0,1,Sup,61.86378,58,58,11,250,250,257.0096,0,9999.99,2.34,2.467,2,9,30.9,0,30.89999962,0.86,1512.04998,9/25/20,12:01:54,28.01,1.714,0.86,1.414,7.68,-40.6,65.5,-3.3,-2546,79.6,6.2,13,
25.75825154,-80.37287121,21:43.3,9/25/20,8,3.164,84.1,-6.859419304,1.21,127.7,119.82,2.97,-3.61,37.8,0,2.37,2.37,90,20,496.2,16,-1.2,D,1603.3,8,65.601,0,0.04,128,255.02,-80.37350401,25.75809909,0,0,1,Sup,61.85413,75,75,11,250,250,257.0233,0,9999.99,2.37,2.497,2,9,30.9,0,30.89999962,0.86,1512.04998,9/25/20,12:01:56,28.19,1.708,0.86,1.174,7.68,-40.6,44.2,-3.8,-2730,80.4,6.24,13,
25.75825143,-80.37287133,21:44.3,9/25/20,8,3.164,84.1,-6.859419304,1.21,125.4,117.68,4.62,-3.47,37.8,0,2.37,2.37,90,20,496.2,16,-1.2,D,1603.3,8,65.586,0,0.03,128,255.03,-80.37350401,25.75809909,0,0,1,Sup,61.84313,85,85,11,250,250,257.0315,0,9999.99,2.4,2.527,2,9,30.9,0,30.89999962,0.86,1512.04998,9/25/20,12:01:56,28.19,1.708,0.86,1.174,7.68,-40.6,44.2,-3.8,-2730,80.4,6.24,13,
25.75825136,-80.37287143,21:45.3,9/25/20,8,3.164,84.1,-6.859419304,1.08,122.3,114.82,4.88,-3.29,37.8,0.18,2.34,2.52,90,21,496.1,16,-1.3,D,1577.6,8,65.574,0,0.02,128,255.04,-80.37350401,25.75809909,0,0,1,Sup,61.83345,86,86,11,250,250,257.0361,0,9999.99,2.38,2.507,2,9,30.9,0,30.89999962,0.86,1512.06083,9/25/20,12:01:57,28.25,1.707,0.86,1.128,7.69,-41.1,26.3,-0.9,-3480,80.9,6.27,13,
25.75825134,-80.37287147,21:46.3,9/25/20,8,3.164,84.1,-6.859419304,1.21,119,111.76,3.52,-2.97,37.8,0.18,2.3,2.47,90,21,496.1,16,-1.3,D,1577.6,8,65.57,0,0.01,128,255.04,-80.37350401,25.75809909,0,0,1,Sup,61.82933,79,79,11,250,250,257.0381,0,9999.99,2.34,2.467,2,9,30.9,0,30.89999962,0.86,1512.09724,9/25/20,12:01:59,28.26,1.706,0.86,1.191,7.69,-41.4,48.8,-0.4,-2934,81.7,6.34,13.1,
25.75825085,-80.3728718,21:47.3,9/25/20,8,3.164,84.1,-6.859419304,1.08,115.8,108.8,1.9,-3.33,37.8,0,2.37,2.37,90,21,496.1,16,-1.3,D,1577.6,8,65.524,0,0.14,128,255.08,-80.37350401,25.75809909,0,0,1,Sup,61.80356,70,70,11,250,250,257.0713,0,9999.99,2.4,2.527,2,9,30.9,0,30.89999962,0.86,1512.09724,9/25/20,12:01:59,28.26,1.706,0.86,1.191,7.69,-41.4,48.8,-0.4,-2934,81.7,6.34,13.1,
25.75816883,-80.37364558,21:48.3,9/25/20,8,0.149,84.1,-6.859419304,1.21,112.9,106.12,0.89,-2.97,37.8,0,2.41,2.41,90,20,496.1,16,-1.3,D,1585.9,8,16.16,0,0.07,128,118.68,-80.37350401,25.75809909,0,0,1,Sup,14.73957,62,62,11,194,194,122.7587,0,9999.99,2.43,2.557,2,9,30.9,0,30.89999962,0.86,1512.04998,9/25/20,12:02:00,28.19,1.709,0.86,1.239,7.7,-41.7,23.7,-3,-961,82.2,6.38,13,
25.75816707,-80.37363836,21:49.3,9/25/20,8,0.094,84.1,-6.859419304,1.21,110.8,104.18,0.63,-3,37.8,0,2.39,2.39,90,20,496.1,16,-1.3,D,1585.9,8,15.433,0,0.04,128,119.33,-80.37350401,25.75809909,0,0,1,Sup,14.00401,61,61,11,207,207,124.1429,0,9999.99,2.4,2.527,2,9,30.9,0,30.89999962,0.86,1512.04998,9/25/20,12:02:02,28.15,1.709,0.86,1.28,7.71,-42,21.7,-2.1,-3102,83,6.45,12.9,
25.75816245,-80.3736375,21:50.3,9/25/20,8,0.119,84.1,-6.859419304,1.21,108.4,101.96,1.78,-2.86,37.8,0.01,2.39,2.4,90,20,496.1,16,-1.3,D,1585.9,8,15.111,0,0.02,128,117.79,-80.37350401,25.75809909,0,0,1,Sup,13.87836,67,67,11,216,216,124.4418,0,9999.99,2.4,2.527,2,9,30.9,0,30.89999962,0.86,1512.04998,9/25/20,12:02:02,28.15,1.709,0.86,1.28,7.71,-42,21.7,-2.1,-3102,83,6.45,12.9,
25.75816445,-80.37363787,21:51.3,9/25/20,8,0.227,84.1,-6.859419304,1.21,106.6,100.29,2.7,-3.23,37.8,0.01,2.35,2.37,90,20,496.1,16,-1.3,D,1585.9,8,15.249,0,0.02,128,118.46,-80.37350401,25.75809909,0,0,1,Sup,13.93192,73,73,11,222,222,124.3372,0,9999.99,2.37,2.497,0,0,30.9,0,30.89999962,0.86,1512.05223,9/25/20,12:02:03,28.16,1.709,0.86,1.268,7.7,-42,26.6,0.9,-4614,83.3,6.47,13.1,
25.758166,-80.37363861,21:52.3,9/25/20,8,0.072,84.1,-6.859419304,1.21,104.6,98.43,3.41,-2.92,37.8,0,2.31,2.31,90,21,496.1,16,-1.3,D,1547.9,8,15.397,0,0.06,128,118.89,-80.37350401,25.75809909,0,0,1,Sup,14.01881,77,77,11,230,230,124.169,0,9999.99,2.34,2.467,0,0,31,0,31,0.86,1512.27343,9/25/20,12:02:05,28.24,1.705,0.86,1.209,7.7,-41.8,20.5,-3.2,-1979,83.9,6.51,13,
25.75816595,-80.37363767,21:53.3,9/25/20,8,0.146,84.1,-6.859419304,1.21,103,96.94,3.24,-3.38,37.8,0,2.29,2.29,90,21,496.1,16,-1.3,D,1547.9,8,15.312,0,0.09,128,119.05,-80.37350401,25.75809909,0,0,1,Sup,13.92381,77,77,11,236,236,124.3482,0,9999.99,2.32,2.447,0,0,30.9,0,31,0.86,1512.27343,9/25/20,12:02:05,28.24,1.705,0.86,1.209,7.7,-41.8,20.5,-3.2,-1979,83.9,6.51,13,